utr,rl
GTCACAATGGCTCGGGCCAGGAAGATGGATAATGGCTCCGTGGGGGGTAA,0.39726353
ATGGCTCCGGGTTGTCGCCATGGCTCCGGGCGTAGCCATGGCCGGGGCAG,0.41291666
GGCTCAACAATGGCTTCCACCATGGTGGCTAGGCAAAATGGCTTGGGTAG,0.41737413
CATCTCGCCATGGGTGACACAATGGATCCCCGCGGGCATAATGGATATGA,0.6765666
ATGGCTTGTCGCCATGTCGCCATGGGGGGAGGCAGCCATGATGATGACGC,0.7554245
AGTCCCCATGGCTGTACCCTGGATAATGGCTACCATGATGGCTGGGGTAG,0.78575325
GCCAGTAAAATGGATCCTTGTCGCCATGGCGGTGTCCCCAATAATGGCTT,0.7895727
CATGCTGGCAACATGGCTGGGGACACAATGGATAACCTGGACAAAATGGC,0.8056686
CGTCACCATGGCGGTGACACCATGGAGGTGTCCCCACGTAATGAAATGGC,0.84464645
AAAATGGAGCCTAGTCCCAGTCGCCATGACTCCCCGTCCCCGCGGGGTAG,0.9186423
CGTCCCCATGTGTCCCCCAAAATGGATAACCATGAGTCCCCAGAGATGGC,0.95747304
CGTCGCCATGGCGGCGCGGCCCCCAAAATGGATCATAATGGAGTCTACAT,0.9651699
CACGCGTGTCGCCATGACGGGGATACAATGGCTCCTCGGGCCCGGGCCCG,0.96544456
GCCAGGTGTCGCCATGAGTCCCCACGGGCCCGGGTCCCCAATAATGGCTT,0.97635746
GCAAGGTGTCGCCATGGCGGGGAGTCCCCAAAAATGGCTCATAATGGCTT,0.9773824
GGTCCCCACCGGTGTCACCATGGCTACAACATGGACCCCAATAATGGCTT,1.0105901
AAAATGTATCCCCATGCCACAATGTGTCGCCATGAGTCCCCAACAATGGC,1.0256555
TCCCGAAAAATGTATCGCCATGGCCATGCCGGTGTCCCCATGGGGGGTAG,1.1123843
GTCGGGTGTCGCCATGAGTCCCCAAAAATGGCGTCGTCCCCAAAAATGGC,1.1960139
CATCACGCCAGGAAAATGGCTCGTAATGCCACCATGGCTAACATGGCTAG,1.2197082
ATGGCTTGTCCCCACGGCAAGATGGCTAGGCGTCGTCATGTGTCCCCAAG,1.2778683
ATGGCAATGAAAATGGCTCGCGGGGGGGGGGGTGTCCCCATGGCGGGTAG,1.2826464
GATTACACAATGGCTCCCCGTCGCCATGCGTCCCCAACCAATGATGGCTT,1.2984412
GCAATCAAAATGGCTTCTTCCCCACGGGGGCGGGGGCCGGCGCGGGGTAG,1.3064013
GTCAAAATGGATCTGGCTAAAATGGATAAAATGGCTGGTGTCGCCATGGC,1.3087268
CACACAATGGCTTGTACCATGGCCATGCACAATGTGTCCCCACGGGGTAG,1.3165128
GTCATGCCTACCATGATGGCTATCAACATGGCTGCTGCGGGGCGTCCCCG,1.3547394
GGCATCATGATGGCTGCCATGAACATGGTGGCTGTCCCCAATGATGGCAT,1.3772335
GTGTTGTCCCCACGGAACATGGATCATAACGATGCGTCCCCAACAATGGC,1.4070292
CATTAGTCCCCAACAATGGCTCCCAGTCGCCATGTGTCCCCACGGCGCAG,1.4114394
GCCGGTACAATGGAGGTGGCTTCGTCCGCCCCCAATGATGGCAAGGGCAG,1.4123235
CATGCAGTCAAAATGGCCATGGGTGATGCCAGCCATGATGATGGATATGC,1.4162865
GTCATGTGTCACCATGTGTCCCCAAAGAATGATGGTGGCTTCACGCTTGA,1.4182229
AACATGGAGATGATGATGGCTAACATGGATAATGATGATGTCTCCATTGA,1.4209003
ATGGAAATGGAGCGTCACCATGGCTATGCGACCCCAAACATGGATCCTAG,1.4243982
CATACTGGCTTGTCCCCAACCATGGCTCACAATGGCTCCCATGAAATGGC,1.4279037
CATACTAAAATGGAGTCTTGTCGCCATGAGTCCCCAAAGATGGCTTCTAG,1.4554119
CATTACGCCATGGCTGACAAAATGGCTACCATGCATAATGGCTTGTATAG,1.468401
ATGGCTAGCACGTGTCACCATGACACGATGGATCAAAATGGATCCTATGC,1.468427
CGCGCAATCATGGCGGCTACCATGGAAATGGCTCATAATGCCTCGCGTAA,1.475039
AACATCGCGGGCATGGCAACCATGGAGCATGATGTGTCCCCAACAATGGC,1.4752336
TCCGGAACCATGAAAATGTATCCCCACGTCACCATGGCTCCCCGGGCCAG,1.4834895
ATGGATTGTCCCCGTCGCCATGACTTCAAAATGGATAAGAATGATGACTC,1.4855509
AGTCCCCATGTGTCCCCACGCGGTGCAGTGGCCAATGATGGCTGGCGTAG,1.5098662
CGTCCCCATGGAGGCGCGGCCGGGTCCCGGCGTCACCATGACTCGCATGA,1.5401239
ACAATGGAAATGGTGCCTTGTCGCCATGCGTCCCCACGCGGGTGTCCCCA,1.5840588
CATACCATCAACATGGCCAGGCATCATGACACAATGGCCACGCGGGCTAG,1.6035557
ATGGATATGGCTTGTCGCAATGGCGGCTTCACAATGGATGGCCATGGCAT,1.630024
ATGGATAATAACATCATGGATTCCCCCCCAGGTGTCCCCACGGGGGATAA,1.6327167
GGTTACAAAATGTATCCCCGTCGCCATCGCCATGAGTCCCCAAAAATGGC,1.6384192
GGTTTGTCCCCAACAATGGATCCTATGGAGTCCCCACCGGGGCGGGGTAG,1.6455579
CATCACATGATGGCTACCATGGCTTCCGCGTCCCCACGCGTGGGGGGTAG,1.6523323
CATCCAGGCATGGGGGTCGGCAGTGATGACACCAGGCGTAATGATGTCGC,1.6544886
ATGGCTTGTCCCAACATGTGTCGCCATGTGTCCCCACGTCGTAATGACGC,1.6579947
GGCTGTAAAATGGAGAAAATGGATATTGCCGGTGTCGCCATGGATCCCAG,1.6581755
CATACGGGTCCCCATGACGGGCCGGGCACGGGGGACGATGAAATGGATAG,1.6962066
CATTAGTCCCCACCCATGGACATGGCGGCTCGTCACAATGGCTTGGGTAG,1.7063117
ACAATGGAGGCTCGGGCCGGCAAAATGGATATGGCTAGTGATGAAATGGC,1.7113366
CATCACAAAATGGATACCATGGTGGAGGCCATGCAAAATGGCTTCTCTAG,1.7139878
CGTCCCCATGCCATGGCCCGTACAATGGCGCGTCACCATGACACAATGGC,1.7224889
CATTACACAATGGCCATGGCTGTCGCCATGGCTCCGGCCCCGCGGCGTAG,1.7338023
GGTTACACAATGGCTTCTTCCGCGCGGCATAATGGCTATAATGGATACAT,1.7368693
CGCACAATGGATAAGAAGGATGCCTTCGACACCAATGATGCCACCATTGA,1.7816093
GGCACGGTGAAAATGGCTTGTCCCCGGGCAGCAAACAATGGCTTGTATAG,1.8034544
ATGGCTATGATGGCCAATGATGGCTCCATGGGCATCCCGGCGCGGGGTAG,1.8063354
ACAATGGAAATGGATCCTATGACCATGGACATGGACCCCGTCACCATGGA,1.8067775
CATCTGTCCCCAAAAATGGCTAACATGGATAATGGCCATAATGGATTTGC,1.8075967
GACTCTGGCGGGCATGACATCATGGATCATAATGCCTGCAATAATGACTT,1.8284197
ATGGATTCTGACAAAATGGATCCTATGGATAAGATGGACATGCCGCGTAG,1.828455
ATGGCCATGAAAATGGCTTGTCACCATGACTGCATGGGCGCGCGGGGTAG,1.8284898
ATGGCTTGTCCCCATGCCATGGGGTGTCACCATGGCTATAATGGATATGC,1.8410482
GACATGCTGACAATGGCTTATACCATGGAAAATGCATGCTTTGAAATGGC,1.8425646
ACAATGGCGGATAAGATGGATACCATGGAAATGGAAATGCATAATGACTT,1.8459105
CATTAAGCCAGGTGTCGCCATGGCGGCAGGCATAATGGCTTTACAATGGC,1.8485322
ATGGAGATGGAAATGGCTACCATGGAGGAGCATCATAATGGAGCCTTTGA,1.8525438
GGCTAGGCCATGATGAAGATGGATAATGCTGGCGTCCCCACGTGTCCCCA,1.8701305
AACATCCATGCCGGCATCAAGATGGATCCCCAGCCAGCAATGCGTCCCCG,1.8731477
GTCAAAAAAATGGAGCCTTATCCCCGCGGGGGCGGCAAAATGGATGGCAT,1.8768635
CATCCAGGCATGAAAATGGCTCCTAGGGCGTCCCCACGTGTCCCCATGGC,1.8851109
GGCACCGTGGGGTGTCACCATGGCACCAATGATGATGGTGACTCCCATGA,1.8892727
AACATCAAAAAAATGGAGCCTGCTAACATGGATGCTCATAATGGATACTT,1.9012437
ATGGCTCGGGACAAAATGGATAAAATGGAAATGGATTCTTCCCGGCCCCG,1.9058306
CGTCCCCATCGCCGTCGCGATGGCTCGCATGGAGTCACCATGGCTTCTAA,1.9166863
GAGGTGTCCCCAACAATGGATGCATCCTGGTCCCCATCACAAAATGACTT,1.920094
GGTTACTCCACGATGGCTTGTCCCCACGAAATGCATAATGGCCATGCCAG,1.9204292
CGGTCTACAATGGAAATGGCGTCTTTCACCATGGACCGGGCGTCGCCCCG,1.9310887
CACACAGTGGCTATGGACAAAATGGATCATAATGCGTCCCCAGCCATGGA,1.9459071
ATGGCTCGTGTCGCCGTGTCCCCGCGGGAGTCCCCAACAATGGACATGGC,1.9480445
CATACGTGTCCCCACCCAACAATGGATAAAAATGATGGCTACCGGCGTAG,1.9507275
CACGCTGCAATGGTGCCTTGTCGCCATGACGGCGGGTGTCCCCGTCCCCA,1.9579878
CGCATCATGATGGCTTCTTCCCCGCGGGGGTCCCCACGTGCGGGGCCCAG,1.9594536
GCCATGGTGGCGTCTACCCGTCATAGTGGCCATGGCGGCTTCGCGCGTAA,1.9785991
GGCACAGTGAAAATGATGGATCATATGGCAGCCGTCAACATGGCTTCCAG,1.9823556
CATCAAAAAATGGAGCCTTGTCCCCACCCACGCGGGCGGGGGTGTCCCCA,1.9824698
CACGACAAAATGGAGCCTCCTTTGTCCCCACCCATGGGTGATGAGGGCAG,1.9885683
GGCTCTGGCGTGGCGGGGTGTCGCCATGGCGGTGTCCCCATGGATGGCAG,1.9936419
CATCCCGGTCGCCATGGCTGGGTGTCCCCATCCGCGTCCCCAACAATGGC,1.9945269
ATGGATTCCACCATGGACATGATGGATTTGTCCCCTGGGTCGTGTCCCCG,2.0135899
GACAGTAACATGGAGCATTGTCCCCATGTGTCCCCAACAAATGATGGCTT,2.0138707
CACACTGGCGTGTCCCCACGGGGCGGCGTCCCCAATGATGTGTCCCCACG,2.0158696
GACATGCTGGCTATGAAAATGGAGATGCATAATGAATACAATGGGTCTAG,2.0166717
CACTCAACAATGGCGTCTTGTCCCCGCGGAGCCATGGAAAATGATGGCAT,2.0190907
GGTCCCCATAAAATGGCTAGGGTGTCCCCAACAATGGATCAAAATGACTT,2.0208364
CGTCCCCATCAAACAATGGCCATGGTGAAAAATGATGGATTTGCAATGGC,2.0252051
ATGGCTACGAAAATGCACAATGGCTATGCCGGCTCTACAATGGATATGGC,2.0267668
ATGGATAGGGCGTCCCCACGCGGTGCAATGCCCCAAAATGGCTCCTATGA,2.0355282
ATGGCTATGGGTAGTCGCCGTGGTGAGGCGTCCCCATCCCCGCGGGGTAG,2.0396721
ATGGATACGGCTGGTGTCCCCATGCTGGCTGGTGTCCCCATGCGGGGTAG,2.040124
ATGGAAATGGAGATGAACATGGAAATGGAAATGCATAATGGCTTGCGTAG,2.061216
ATGGATTGTCCCCATGTGTCCCCAACAATGGATCATAATGGATCAATTGC,2.0698452
CACACAATGAAGATGCCTCGTCCCCCCCCAACAATGGATGATATGGATAA,2.0863729
CATCAAAAAATGCTGGATATGGTGTCCCCAACAATGTGTCCCCATCCGGG,2.0884767
ATGGATAGGGTGTCCCCAAAAATGGATAAAATGCATAATGCCTGTCCCCG,2.0931213
CATACAGTCAAAATGGCTTGTCGCCATGAGTCCCCGCGCTGGGGCCGCAG,2.0962498
TCCGGGACCATAATGGCTTCTCGCAATGACATGGACATGCATAATGGCTT,2.102864
CGTCACCATGTCATAATGGATCCCCAGGTGTCCCCATCCCCAACAATGGC,2.1063473
GGCACAGTGGCTTGTCCCCCCCGGGATGGCCATGAGTCCCCAAAAATGGC,2.1142755
CATACTGAAATGGAGAAAATGAAAATGGTCCCCAACAATGCCCGGGGTAG,2.115073
CATCACGCCATGTGTACCAAGATGGATACAGTGGATAATGCCTCGCGCAG,2.1156092
CGTCCCCATCACAAAATGGATCCTATTGATAGCAGTGATGCCTGGGGTAG,2.1171157
GGTCGCCATCGGGGCTTCAAAATGGCTGTCCCCATCAATGATGGCTATGC,2.1172342
CATCCCATCATGGAGAAGATGGATCCTCATAATGGCTATAATGGGCATAA,2.12383
GCAGGCACAATGTGTCACCATGACTCCAAGGTGGCTCGCAGCCGGGGCAG,2.1251779
GCAATGGACATGATGAAAATGGCTTGGGCATGCCGGGCCATGGCCATGGA,2.125359
ATGGATAGGGTGTCCCCACCCGGGTCCGGGTCCGGGCCCGGGGAGATGGC,2.1348958
ATGGCTTGTCCCCACAAAATGGAAATGGATATGGCTCGGGCGTGTCCCCA,2.13544
AACATCAAAGCTAACATGGAGAAGATGGATCCGGTTCGAAACAATGGCTT,2.1365354
GTCAAGCTGGCAACAATGTGTCCCCGTCGCCATGACACCCCGCGTCCCGG,2.1389155
CATACAGTCATGGTGGATATGGCTTATAACATGGACAAGATGGCTGGCAG,2.1479359
TCAAAGCTGGCCAAAATGTATCCCCATGTGTCCCCACGTAATGGATATAA,2.163413
CATCACACAATGGAGATGGCTCCTCTGGCGTCCCCGCGGGATGCAATGGC,2.167597
GCAATGCTGGCTACGGGGTGTCCCCATCACGGCGTGTCCCCAACAATGGC,2.1715498
ATGGATTCGGCCGCCATGGCCAATGATGCATCCCGAGCCGGGGCGGGTAA,2.1715977
CATCCCGGCACCAAAATGGCTTCTCGCATGCGGGCGTCCGGTGAAATGGC,2.1765752
GACGTCCCCATTGATGCGTCCCCAAAAATGGATCATAATGACTCGCATAA,2.1819313
CATCACACAATGCAGGTGTCCCCACCGATGGATCACAATGGAGCATACTT,2.1824327
CATCAAACAATGGATATGGCCATTAAAACTGGCAATGCCATGGCGTGTAG,2.1840658
CATCAAACAATGGATCCCCATGACACAATGGATGCTGGTAATGGGTATAG,2.1858745
ATGGTGGCGGCCATGGCCATGATGGATACCGGGCATAATGGAGCCTACGC,2.192615
CATCACGGCGGGACAGGGCATGCGTGCCCGGGCAGCAATGCAGCCATGGC,2.1929777
AACATCAAAACAATGAAGAAGAAGCATTCTGGCAGGCATGATGGATACGC,2.197753
AGTCCCCATCGGGGTCGCGATGGCTGTCACAATGACTGCATTGGCCGTAA,2.1982427
CATCACTGTCCCCATGGCGGTCGGCGGGTGTCCCCAACAAATGATGACTT,2.2081861
AAGGGTGATGTCATGATGGATGCGTCCCCGTCCCCAACAATGGATATGGC,2.2213128
GCAAGGATCATGCTGGCTAAAATGGCTAACCTGGATCCCAACAATGGCTT,2.2236986
TCCATGCGTCCTCATGACGGCAAGATGGATATGGCTACAAAGGATGACAT,2.2373466
GTGTTGTCCCCACCGGGGGGCGGGGGCGGTCGCGGGCGCAATAATGGCTT,2.2509224
CAAACTGTCATGGAGAATATGATGCCGGCGTCCCCATCCCCGCGGGGTAG,2.2690015
CATCTGTCCCCATCCGGAACAATGGATCGCCAGGCGTCCCCAAAAATGGC,2.271286
CTGTTGTCCCCACGTGTCATGATGGATCATAGTGATGGGTAGGGGCGTAG,2.2761703
AAGGTCACGGTGTCCCCAACAATGGCTCACAGTGGCCATGACGCCGGTAG,2.2838492
GTCGTCCGTCCCCATGTGTCCCCATCAGGTGGTGTCCCCATCGATGGCAT,2.3058238
CATTTCACCATGGCTCGCAATGGCTTCATCGGCATCATGATGGCTGGCAG,2.3137252
CATCTGTCCCCACCGGGTAAAATGGATTCGTCCCCACGCGTGGGTCCCCG,2.3239827
TCAAGGCATACAATGGCTTGTCCCCATGACATGCATAATGGCATTGAGGC,2.3269923
CATACAGTCATGATGGCTTGTCCCCATCAAGCCATGGATGCGTGCCCCAG,2.3286276
CGGGATAGCAAAATGGCTCGTGCCGCCATGGCTATGCATGGTGGGTATAA,2.3384094
CAAACTGTCAAAATGGAAATGCATAATGAGTCCCCGTCCCCAGATGTGGC,2.3387046
AACATCACGGGTTGTCGCCATGGCTGCGTGTCCCCAAAAATGGATGGCAG,2.3475056
AACATCGATACCATGGATAGTACCATGGATATGGCGTCCCCACGGATTGA,2.353547
ATGGATTGTCCCCACACCATGAAAATGGATATGGCTCATCATGATGACGC,2.3598917
CATCAAACCATGGAGATGAACATGATGGATATGGCCAGGGGGCGTCCCCG,2.3706946
ATGGAACTGGCTAAAATGCATTCGTCCCCGTCCCCACCGGGGCGGGGCAG,2.394796
GGCAGGCGGGCGTCCCCACGGGATGATGTCTGCAATATGGAAATGGACAT,2.3958077
GGCTAGTCCCCACCGGGCAAAATGGATCATCAGTCGTCCCCGTGTCCCCA,2.4091153
CACACAGTGAAAATGGCTAAAATGGATCGCAATGGCTCGTTGTGTCCCCA,2.41113
CGTACCATGATGCTGGCTAAAATGGACATGGATCATGGTGTCACCATTGA,2.4141865
CATTACTCCCCAACAATGGAGAAACTGGCTAGGGCTACAATGGATGCCAG,2.4186003
CTGTATTGTCCCCATGTGTCCCCACCGATCGAAACTGGCAATGATGACGC,2.4290833
CATGCTGGTCGCCAGGCAGGTGTCCCCATTGATGGCCATGACACCATTGA,2.430736
ATGAAAATGGCTTGTCGCCATGGCGAGGTGTCCCCATCAATGCCGTCTAG,2.4415045
CATTAAAAAATGGAGCCTCTGGCTGCCAGGGGTTATAAAATGGATTACAT,2.456949
CATAACATAATGGATCTGGATGTGTCCCCGTCCCCACCTATGGGGGCTAG,2.4662623
CGTCCCGGCAAAATGGAAATGGATATGAAAATGGATATCGCGCGGGCCAG,2.4679563
GCCATGGAAATGGAGCCGCCTTCGTCCCCACGTAGCCCCGACACGGTGGC,2.4690216
GGCTAGTCCCCGGGTATGGGGCCGTCCCGGCGCATGCGCCCCCGGGCCGG,2.4861047
GGCGCTGGGGCAACAATGGATAGAATGGTGTCCCCATCCCCGTGTCCCCA,2.492511
CATACTGCAATGGCCACTCGGGACACAATGGATGCTGGCTTGTGTCCCCA,2.49583
GACATCCAGGCTGCCAAGATGGAGATGCCTTGTCGCCATGACTCCCGTAG,2.4987707
CATCACGGCATGCAAACGTCCCCAACAATGGTGTATATTGAAAATGGCAT,2.500678
CGTCCCCATCGGTGTCCCCATGGGTGTCGCCATGACGGCGGGTGTCCCCG,2.5023112
GGTTAAGGCATGCTGGCAAAAATGGATACTGCAATGGCGCATAATGGCTT,2.5091877
TCCCCAACGGTGTCCCCAACAATGGATACCATGGATAACATGGCGGCTAG,2.5162892
CATCAGTCCCCATCGGTGTCCCCAGGGGTGTCCCCAACAATGGCTTCTAG,2.5310922
AACATCGCCATCAAGATGGCTAAAATGGATATGGCTTGCGGGCGGCGCCG,2.5336308
TCAAGGTGTCCCCATCAGTCCCCACTCGGGGGCGTCCCCAACAATGGCTT,2.5377228
CATTTGTCCCCACCAATGCGCGGGTCCGCGGGCGTCCCCATGGGTGGCAG,2.5475419
CGTCCCCACTGGTGTCCCCATGGCGGCATGCTGGCTGACATTGATGATGC,2.547875
GGCTGGCAAGCTGGCATGGAGGTGTCCCCATCAGGGCGGGCTGACATGGC,2.5518086
CATCTCGGTCGGGGCGCGTCCCCGGGGGTGTCCCCACATGATGGTGACAT,2.552402
CTGGATCCGGTGTCCCCATCAGGGCAGGCTGGTGTCCCCAACAATGGCTT,2.581731
CGTCCTGGGGTGTCCCCAATGGATCATAATGGTGCTGGCTTGGGCCGTAG,2.5885541
CATCCCGGCTTGTCCCCAACAATGGACATGGTGGCTAAAATGGATATGGC,2.6191847
AGTCCCCACGATAGGGTGTCCCCACTGGTGTCCCCACCCAACAATGTCGC,2.6408536
ATGGATTGTCCCCTCGACATGGTGGATGCTGGTAATGATGTCTCGCGTAG,2.6432166
CATTACGGCATGCTGGCTGCAATGCTGGCTGGGGCTAAAATGGATTCTAC,2.6538143
GGTGTCCCCATTGCGGCGTGTCGGCGTCCCCATGGGTGCTCTGAAATGGC,2.6543708
GTGGGTCAAACGGGTCCCCACGAGGGTCACCATGAAGATGACTTCTATAG,2.6552248
CATCACGATCGGGGCGTGTCCCCGCTGGCGTCCCCACGTAATGATGATGC,2.6587687
CATTCTGGCATGCCGGTGTCCCCACCGGTGTCCCCAACAATGGATTCCAG,2.6655626
CACGCTGGCGCTGGCGCAAAAATGGAGGCTATGGCTGGACGAAATGGCTT,2.6865747
CATCACGGCATGCTGGTGTCCCCATCAGGGCTTGTCCCCATCGGTGCCGG,2.697925
TCAAGGTGTCCCCACGTCGTGGATACAGTGGCTGTCCCCATGGGGGGTAG,2.7155118
TCCCCATCAGGGCTGGCTGGTGTCCCCATGGAGGGTAGTCACAATGGCAT,2.729211
GTTGTCCCCATGTCCCCATTAGGGCGTGTCCCCATCACGGCGTGTGCCGT,2.73386
GGTGTCCCCATCAGTCCCCATCCAGCGGTGGCGGGCAGTCAAAATGGCTT,2.7485301
GGCTGGATTGTCCCCATCGCCATGGCTGACCGTGTCCCCATCGATGGCAT,2.7573547
AAGGGTGAAACTGCCATGGCTACCATGGATATGGTGTCCCCACCGGGTGC,2.777061
GTCTGGTGTCCCCATAAAATGGCTCAGGCTGCAATGGATAATGGGTATAC,2.7787075
CAAACTGGCTTGTCCCCGTCCCCATCAGTCCCCAACAATGGATCCTATAA,2.7833107
GTGGTGTCCCCACTGTACGACATGATGAAACTGGTGTCCCCGTGTCCCCA,2.787599
TCCTGGTGTCCCCATGAGTCCCCACCGGGGCACGGTGGCTTGTGGCCCCG,2.7947538
CACACTGGGGCTAGGGCTGCCATGCACGTGTCCCCATCGGGGCGGGGTAG,2.8071337
CTGGATAGTACCCTCAAAATGGATTGTCGCCATGAGTCCCCGTGTCCCCG,2.8368626
AACAGGTGTACCCTGGACATGGACATGGACATGGATAATGGCTTGCCTAG,2.8369522
AACATCAAGGCGTCCGCAAAAATGGATCATATGGCGTCCCCAACAGTGGC,2.8370214
AACATCAATACCGGCGCCCGTCCCCATGACGGTAATGAAAATGGCTATAA,2.8410034
TCAAAGCTGGCTAAAATGTATCCCCTGGAAATGGATAAAATGGCTTCTAT,2.8464532
AACAAACTGGCGTCCCCAACAGTCCCCATGGGTGCTGGTGTCGCCATGGC,2.8517418
CATCAAGCCGTGTCCCCACGTGGTGGCTCTGGTGTCGCCATGGGTCCCCG,2.852899
GCCAAGCTGGCTCTTCACGCCATGGTGGATAATGCAGCCGGGGGGGGTAG,2.8597045
GTCGGGCGTCCCCGTGTGTCCCCACCGATGCGTCACAATGGAGCATACTT,2.8598478
TCCAGGCTGGGGATAAAGATGGAACTGGCTAGTGTCCCCATGCGTGCTGG,2.877837
TCCGGGCGGGGCGCCGTGGCCGGGCCCGTGGATCACAATGGCGTTGCCAG,2.878324
GGTGTCCCCACCCATCAGTCCCCATGGGGTGCAATGGATCATAATGACTT,2.8808906
CGTCCCCATCCCCGGGGGTGTCCCCATTTGTCCCCAACAATGGCTTGTAT,2.903263
CGGGCGTGTCCCCATCAAGGCATGGGGGCTCGGGCTGCAATGCCGTGTAT,2.9158576
GCAATGCTGGTGTTGCGCATGGTGTCCCCAAAAATGGCTCATATGGCCAG,2.9236112
GGTCGCCATCCGGGCGGTAGAGCTAAAATGGATCATATGGAAATGGCTAG,2.9372685
AACATCAAGGCTGGGGCTGCCATGATGGAAATGCATAATGCCTTCTGTAG,2.9473064
CATTAAGGTGTCCCCATTGGGGGGCCCGGGCTGGTGTCCCCACGGGGCAG,2.9554539
CATTTGTCCCCATCAGGGTCCCCATCAGGGCTGGAAAATGCCCACTGCGG,2.971413
CAAACTGGCTCGGGCGTGTCCCCGCGTCGTCATGCCTATACTGGTGGTGG,2.9780312
CTGGATTGTCCCCATCAGGGCTTGTCCCCACGTGTCCCCAATGATGGCTT,2.9844801
CAAACTGGCTTGGGTGTCCCCATCGGGGCTGGTGTCCCCAACAATGACTC,2.9868214
ATGGCGTCGCGCAGTCGCCGTCGCGAGGTGTCCCCATCCCCACGGGGTAA,2.993332
GCCAAACTGGCTGGCAGGCGTCCCCACAAAATGGAAATGGATAATGCCTT,3.0027993
GCAAAACTGGCGCTGGCTATGGAAATGGCTCCGGTGTCCCCACCGGGCAG,3.0088787
GTGGTCCCGGATAGGGGCAGTCCCCATGTGTCCCCGTCCCCAACAATGGC,3.0154285
AACGTCAAAGCGTGCCCAAAAATGGATACTGGCGTCCCCGTCGCCATGGC,3.0353293
GCAAGGCGTCCGTCCCCGTCCCCAACAATGGATAACATGGATAGGGCCAG,3.0363078
GGTGTCCCCATCAAAGCTGGCGGTGGCTTGTCCCCACCTGGTGAAATGGC,3.039391
CATCCAGGCATCAAGAAAATGGAACTGGCACTGGCTGGTGTCCCCATCGC,3.056039
GCCTGGAGTGTCCCCATTAAAATGTGTCCCCATGAGTCCCCAGGAATTGC,3.0582895
GTCAGGGATACCGGGGCCGGCATGATGGAAATGGCTCGGGTGGGGCGTAG,3.0669556
GCAGTCCCCGCTAAAATGCAGGTGTCCCCACCAGGTCGTGTCCCCATCAG,3.0691657
CAAACTGTCGCTCTGGCCGGCGTGTCCCCATCCGGGCGTCATAATGGCTT,3.085256
CAAACTGGCGGGCTGGTGTCCCCAACAATGCTGGATAAAGCTGGCAGTGC,3.087129
CATACAGTCATGGCGAAGGTGGATCAGGAATACCCTGGCTCGTGTCCCCG,3.106897
CATCCAGGCATGCTGGATAGGGCTGGATAGGGCAAAAATGCATTCATGGC,3.110755
CACACTGGCCGCCATTACGCAATGGCCACGGGGGTCCGCAAAAATGACTT,3.1121194
GTCGATCTGGCTAGGGCTGGATACGGCGGTGGTGTCCCCATGGGGGGCAT,3.116552
CGTCCTGGTTTCGCCGTGTCCCCACCGGGGCCCGTCCCCAATAATGTCTC,3.1169426
CACACTTGTCCCCATCACGCCATGGATACAGTGGATATTGCCATGGCTAG,3.1172307
GGCTTGTCCCCACCGGTGTCCGCGTCCCCAACAATGGATTCGTGTCCCCA,3.1182752
CATCAAGCCTGGGACATGATCATGCAGGCTATGGCTGGCGGGTGTCCCCA,3.1210473
GGCGCTCGGGTGTCCCCATTGGTGTCCCCATCAAGGCTGGAAAATGACTT,3.1213603
TCAGGGCTGGGGATAGGGCGTCCCCGCGCAATGGTGTCCCCGTGTCCCCA,3.127316
GGGGCTCAAACTGGATTGGCCATGCTGGATCTCAAAAATGCCTCCTGTGG,3.128173
CGTGTCCCCATTTGTCCCCATCACAAAATGGATTCTGCCATGCCGGGCAT,3.1384478
GTCGGGTGTCCCCACGCGGGTGCGGGCGTGTCCCCGTCCCCAACAATGGC,3.1417255
GACAGGTGTCCCCAGGTGTCCCCATTCGGGGGGTAGGCCATGGCTGGTAG,3.1549368
CATCAGTCCCCATCAAAACAAGCTGGCTCTGGCAATGGATCTGGTGCCGG,3.1683292
CGGGCTGGGGTGTCCCCACCAGGGTCCGCAGCAAAAGATGCTTCCCGTAT,3.1980557
GGCGCGCGTCCCCGTCCCCGTGAAACAATGGTGCATAATGAAAATGACTT,3.212676
TCACGGCTGGATAGGGCGTCCCCACATGCTGAAAATGATGACTCCAATGC,3.2143128
CATCAAGGCGGGCTGGTGTCCCCATCAATGCTGGTGTCCCCATCAGGGGC,3.231553
AACATCAAAACTGGCGATCAAGCTGAAATGCTGGATAGTCCCCATGGTGG,3.2492743
GCCGGGATTGTCCCCATCTGTCCCCATCTGTCCCCACCCATGGCGGGTAT,3.2521267
ATGGTCCCCATGAGTCGCCATGGCTGCACTGGCGGTGGGTTTTCGCGTAG,3.2549937
CATCAAGCCATGCTGGCTGCGGTGCCCGTGCGCGGTGGTGCGTGGCGCAG,3.2642806
CATCACGGCTTGTCCCCATCCGTCCCCATTGATGACGGCAATAATGACTC,3.2677987
CAAACTGGCGGGTGTCCCCCCCCATTGGTGTCCCCATCAGGGTGTCCCCT,3.2692409
GTTGTCCCCATTAAGGCGGGTGTCCCCATCAGTGTCCCCATTAAGGGTGT,3.269776
CAAACTTGTCCCCATTGGTGTCCCCATGTGTCCCCGTCCCCATGGCGCAT,3.2830832
CATCCTGGATAGGGCTGGGGTGTCCCCATTGAGGCAGCCAAGGATGGTGC,3.293579
GGTGTCCCCATTCGTCCCCATCAAAAAATGCATTCGTCCCCACCGGGCAT,3.3020685
CATCAAGGCAAACTGGCGGGCCCGGGCTGGGGCAAACTGGCTGGCGGTGC,3.3127832
CGTCCCCATCACCATCACGCCATGGGTGCGGGCAGTGGATTGTCCCCAAT,3.3187156
CTGGATCAGGCGTCCCCATCAATGGTGGAACATGCTGGGTTGTGTCCCCA,3.3296251
AACATCACGAATTGTCCCCATGTCCCCATTACGCCTGGTGTCCCCATTGC,3.3323007
AGTCCCCATCAAGCAATGCATACTGGCGCGATGGATTGTCCCCATTGCGG,3.334782
AACATCACGGTGTCCCCATTAGGGCTGGCTGGCGGGCTGGGGCATGGTGC,3.3403044
CATACTGGCTCAACCATGCATGTGTCCCCACGGGTGTCCCCACCGAGTGA,3.345723
GGCGGTATTGTCCCCATCAAAGCTAAAATGGTGGCTATGGCTCTGGCCAG,3.350264
CAAACTGGCGGGAAAATGCTGGTGTCCCCATCCCCATCGGGGCGTGCCGG,3.3570268
CATCAAGGTGTCCCCATCCCCACCCGTCCCCATCAGGGCTAGGACATGGC,3.3642945
TCCAAGCTGGCGCTGGCTAGTCCCCGTGATAAAATGGATCATAATGACTT,3.3698556
CACACTGGGGCGCTGGGGTGTCCCCATTTGTCCCCAGGCGGGCCGGGCAT,3.3729897
GGCAAGCTGGCTTGTCCCCATGGGTGTCCCCATGACGTGGCTCGTGCCGG,3.381947
TCCAAACTGGCTGAAATGCAAACGTCCCCATCTGTCCCCAATAATGACTC,3.394259
AACGTCCCGATTACGGTGTCCCCATCTGTCCCCATCGGGTAAAATGACTT,3.4064398
GACTGGTGTCCCCATCGCGGTCCCCAGGTGTCCCCATCAGGGCGGGGCCG,3.4296317
GGTGTCCCCATCGGTGTCCCCATCGAGGCTAAAATGGTGGATATTGGCAT,3.455676
CATCCAGGCGGGGGAGCGGGTGTCCCCATGGATACTGGCTTGTGTCCCCA,3.4571886
CATCAAGGCGTGTCCCCATTAGGGCAGGTGTCCCCATCAATGCTGGGTAT,3.4991133
CAACCAGGCTGGCGTCCCCATGACGGCGGTGGTGTCCCCAACAGTGGCAT,3.5393872
AACATCACGGCGTCCCCATTGGTGTCCCCACTCGGGCGCGGGGGAGCTGG,3.544334
GGGGCTAGGGTGTCCCCATCCCCGCTGGTGTCCCCATCAATGCATGCTGG,3.5469818
CAAACTGGCTGTGAAAGGTGTCCCCATTGCGCCATGGATGCTTGCTGTAG,3.5547204
CATTCTGGCATGCTGGCGGGCGGGATAGGGCGTACCCGGGATAATGACTC,3.5601146
AACATCCAGGATAGGGCTGGCATACAAACTGGAATGCTTCATAATGGCGC,3.5605993
CATCAGTCCCCATCCCCACTGGGGGGCTGGGGCGGGCCGGGGTGTCCCCA,3.563805
CATCAAGGCAGGCTGGCGCCCGCTGGAGGGCTGGTGTCCCCATGTCCCCA,3.576838
GGTGTCCCCATCCCCATCGAGAAAATGGAACTTGCTGGTTAGGGCGGTGC,3.5792441
CATACTGGTGTCCCCATCCCCATGATGGATCTGGTGTCCCCATCAGGTAC,3.5811954
GTAAGGCTGGCGTCCCCACTGGATCAGGCGTCCCCACTCGGGCAAGCTGG,3.5812666
GTAAGGTGTCCCCATTAAGGTGTCCCCACTGGCGCTGAAATGCTGGCTGT,3.589563
CAAACTGGCAAACTGGCTTGTCCCCATCCAGGCGGGCTGGTGTCCCCAAT,3.590221
ATACGCCCCGCTGGGTAGGGCATGCTGGGGCTTGTCCCCATCAAGGGTGC,3.5913696
GTTGTCCCCATCAGTGTCCCCATCAAAACTGGCGCAATGGCTGGCGGTGC,3.5998147
AACATCAGTCCCCGTCCCCATCGCGATCACGGTGTCCCCAATAATGACTT,3.630446
CGCGCTGTGGCTGGTGTCCCCATGCAAACTGGCGCGCGGGTCGCCATGGC,3.6397822
GGGTCGGGCACAATTGTCCCCATCGAGGACGCCATGCTGGATAGTGCCGG,3.652011
CGGGATAGGGTGTCCCCATCAGGGCCCGGGCCCATCAAGGCTGGCTGTGT,3.6553645
CGTCCCCATCTGTCCCCATCAAAGCTGGCTGGGGCTGGCGGGCTCGGTGC,3.66224
GGGTAGGTAGGGCTGGAGTGTCCCCATTAAGGTGTCCCCATTAAGAGTGC,3.6694233
GGTGTCCCCATCAAAACCGTGGATAGGGTGTCCCCATCAATGGCTGGCAT,3.6737309
AACATCTGTCCCCATTAGGGCAAGCTGGCTAGGGCGTCCCCGCGGGGCAT,3.6822705
CGCACTGTGGCGTCCGTGTCCCCATGTGTCCCCATCCCGAACAATGCCGG,3.683854
CAAACTGGCTGGTGTCCCCATCACGGCGGTGGGGCTTGTCCCCATCGCGG,3.6895795
CGGGCTTGTCCCCATCAAGGCATGCTGGAAATGGATATGGCTGGCGGTAT,3.7018514
CGGGATTGGGCCCGGGCTTGTCCCCATCACAAAATGCCGTCTCGGGGCAT,3.7042096
GTCTGGTGTCCCCACCCATCAGGGCTGGTGTCCCCGTCCCCGTGTCCCCA,3.7046442
AACATTACGGTGTCCCCACTGGGTCTGGCTGGCAGGTGTCCCCGTCCCCA,3.708358
CAAGCTGGCGCTAGGGATAGGGCTGACATGCTGGATAAAACTGGCGGTGG,3.7108588
GCCAAACAGGCTGAAATGCTGGCTATGAAAATGGAACAAACTGGCTGTGT,3.7143064
CGGTATTGTCCCCATTACGGCATGCTGGATCGGGCGGGGGGGCGTCCCGG,3.7258186
GGTGTCCCCATCCCCATCTGTCCCCATTAGTCCCCATCAGGGCCGGGTAT,3.733157
CGGGATTGTCCCCATCACGATTACGACATGCTGGATAGGGCGTGTCCCCA,3.7417345
CGGTCTAGGGCTTGTCCCCATCCCCATTTGTCCCCATCTGTCCCCATGGC,3.7647722
GGCACTGGTCCCCGGGTGTCCCCGGGCGTGTCCCCACGCTGGTGCCCCAT,3.7691717
CACACTGTCAAGCTGGCTAGGGCTAGGGCTGGCGGGTTTGTCCCCATCGC,3.7742178
AGTCCCCATCACGGCTGGTGTCCCCATGACGGCATCCCCAAGGTGATGGC,3.7792645
CGTCCCCATTGGGTAGGGCTAGGGCATTTGTCCCCACAAACTGGCTGTGC,3.7825243
GGCTCTGGCTAGGTCAAGCGTCCCCGGGCTGGGGCTGGCGGGCGCGGTGC,3.783523
CGGTATAGGGCTGGCAAACAAACTGGCATGGGTGTCCCCATCAAAACTGG,3.7855234
GACGCTGGTCCCCATCACGGCATGATGGAAATGGATATAATGGATGCTGC,3.8018932
AACATCTGTCCCCATAAAATGGAACTGGCTATAGGGCAGGCTGGCGGTAT,3.8052912
GCCAAACTGGCCCATCTGTCCCCATCAATGCAGGCTTGTCCCCATTCCGG,3.8203816
CGCGCTGGGGAGTGTCCCCATCGGTGTCCCCATTACGGTGTCCCCATCGC,3.831837
GTTGTCCCCATTGAGGCTGGGGATAGGGCTGGCGGGATTGTCCCCATCGC,3.838579
CACGCTGGCGCTGGCGGGCTGGTGTCCCCATTAGGGCGTGCCCGTTGCGG,3.8417583
CAAACTGGCGGGTCAGGGCAAACTGGCACAGTGGAAATGGACCCCATTGC,3.8423254
CGGGATAAAACTGGCGGGCAAGTGTCCCCATCAAGGTGTCCCCATTAAGG,3.8441281
CAAACTGGCGCCCATCACGGCAGGCAGGTGTCCCCATCAGTCCCCAGTGC,3.85074
GGCTGTGGAGCTGGTGGGTGTCCCCATCGGTCCCGAACAAAAGATGCTAT,3.8540525
CATCACGGCAAACTGGATAGTCCCCGTCCCCGGGCTGGTGTCCCCATTGC,3.8573353
GACTGGTGTCCCCATCGGTCCCCACCGGGCCAAACTGGTGTCCCCATCGC,3.8605986
CGGGATAGAACTGTGGATTGTCCCCATCACGGCAACAGTCCCCATGGCAG,3.873379
CATCTGTCCCCAGTATAGGGCAGGCAAGCTGGTGTCCCCATCAAAACTGG,3.8964753
CGGGATAGGGCTGCAATCATAATGCATACTGGCATGCTGGGGTGTGCCCG,3.9079494
AACATCAAGGTGTCCCCATTACGCCTGGCACTGGCTGGCAAACTGGCTGG,3.912537
CAAACTGGCAGGTGTCCCCATATGGAGAAGTTGGATAGGGCTCGGGGCAT,3.9183393
CATACTGGCGATTGTCCCTGTCCCCATCAAGGCTGGCGTCCCCATCCCGG,3.933933
CAATAGTCCCCATCAATGCTTGTCCCCACCCATCAGTCCCCGTGTCCCCA,3.9426274
CATACTGGCGGGTGTCCCCATCGGTGTCCCCATTACGGCATCAAAGCTGG,3.9431286
AGTCACCATCACGCCTGGTGTCCCCATCAAGGCTGGCTCGGGCACAGTGC,3.9584658
CGTGTCCCCATCAGGGGTAGGGCGTCCCCATCAAAACTGGCTGGTGGTAT,3.9672112
TCAAGGCTGTAGGGCAAACTGGCTCAAACGTCCCCATCAGGGCATGGTGC,3.9692447
CATCTGTCCCCGTGTCCCCATTGCGCCATCAAAACTGGCGGGAGCACTGG,3.9708343
CGGGATAAGGCTGGCTGGGGCTAGGGCGGGGGCGGGGCCGGGTGTCCCCA,3.985795
CAAACTGGCAGGTGTCCCCATCAGTCCCCATCAAAGCTGGCGGGCGGCAT,3.989338
CATCCAGGCTGGGGTGTGCGTCCCCATCACGGCGGGCTGGCGTGCCCCAT,3.9912162
GTTGTCCCCATCAAGGCTAGGGCACTGGCTCTGGCTGGCGGGCGGGCCGG,3.999214
AGTCCCCATCCCCATTTGTCCCCACACACTGGCGGGCTGGTGCAGGGTGG,4.001921
CATCAGTCCCCAGCTGTCCCCATCCAAGCTGGCCCATCAGGGCTGGGCAT,4.011042
GTCGTGTCCCCATTGGATAGGGCTGGCTGGGGTGTCCCCATCAAAACTGG,4.0114627
CACGCTGGCAAACAAGCTGGCTCTGGCAGGCGTCCCCGTCCCCATTGCGC,4.016739
GCCGGGATAGGGCAAACTGGCATGCAGGCTGGCAGGCAAGCTGGCGGCAT,4.0168667
AACATCACGGATAGGGCTGGCTCGGCCATGCAAACTGGCTCTGGCTGTGC,4.026747
CAAACTGGTGTCCCCATACTGGCGCGCGGGATAGGGTGTCCCCATTACGG,4.0290413
CATCAAGGATAGGGCCCGTTGGTGTCCCCATTAGGGCAAACTGGCGGTGC,4.0294
TCCCCATTAGGGCATCACGGCGGGCTGGTGTCCCCAACAATGCATTCTGG,4.031977
GTAAGGTGTCCCCATCAAGGCTAGGGTGTCCCCATTAGGGCCCGTGGCGT,4.045416
CGGGCCAGGAATAGGGCTGGCAGGCTGGCAGGCAAACTGGCGTGTCCCCT,4.0487795
GTTGTCCCCATCCATCTGTCCCCATCAGGGATTGTCCCCGTCCCCATCGC,4.069086
GTCGGGCTGGGGTGTCCCCATCAGTCCCCATCAAAGCTGGCTCGTGCTGG,4.073926
CATCAAGGCGGGCGTATGGTGGATAGGGATAGGGCGTCCCCACCGGGTAC,4.0827947
GGTGTCCCCATCACGGCTGAAACAGTGGATTGGGCCCGTGGCACCGGTGC,4.0874963
AGTCCCCATCACCATCAGTCCCCAGCCGTGTCCCCATCAAAAATCGATGC,4.0899734
GACATCAAAGCTGGCAGGCGTCCCCATCCCCAAGCTGGCAAAATCAGTGC,4.096614
CGGGCTGGGGATTGTCCCCATCAAGGCTGGGGATAGGACATGCCGGGTAT,4.0988817
GACAGGCTGGATAAAGCGTGTCCCCATCGCGATCACGCAATGGATTCTGG,4.103277
AGTCCCCGTCCCCATTGAGGCGGGCAAACTGGCATCAAAACTGGCGGTGT,4.1053305
GCTGTCCCCATCACGGCTGGCGCGGGCAGGCTGGATAGGGCTGGGGGTGT,4.1061587
ATACGGTGTCCCCATCCTGGCTGGGACAAACTGGCTCGGGCAGACAGTGC,4.11374
TCAAAACTGGCACTGGAAATGGAAAAAGCTGGCATGAAGGCTGGCATTGC,4.1144447
CAGGCGGCCACACTGGATTGTCCCCATCTGTCCCCATCAGTCCCCATTAT,4.1169415
CGGGTCACCATCAAAACTGGCTGGATTGTCCCCATCTGTCCCCATTAAGG,4.1176662
CATCCGGGCATCAGTGTCCCCATCAAAACTGGAGGGCTGGCTGGCAGTGC,4.1317463
CATCACGCTCCATCAGGGCGCGGGCCGGGGTCCCCATCGGGGACAGGGGC,4.1324935
GTCGGGCACTGGGGTGTCCCCATCAAAGCTGGTGTCCCCATTAAAGCTGG,4.1350565
GTCAATCTGGCTTGTCCCCGTCCCCATCAAGGCGGGCAAGCTGGCTGTGC,4.136563
CGTGTCCCCGTCCCCATTTGTCCCCATCTGTCCCCATCACGGCTGGGTAT,4.1464744
CGTCCCCATTTGTCCCCGTGTCACCATTGCGGCGATAAAGCTGGCTCTGG,4.1712604
CATCACGGCGGTAGGGCTGGTGTCCCCATCTGTCCCCATCACGGTTGCGG,4.171563
TCCCCATCAGTGTCCCCATCAGGGTCAAGACAAACTGGCGTGCCCGGTAC,4.192021
CGGGCTGTAGGGCTAGTGTCCCCATCAGTCCCCATCACGGCTGGCTGTGC,4.2005515
AACATCACGGCTGGCTGGGGCTGGATTGTCCCCATTAGGGCTAGTGCTGG,4.2050347
CAAACTGGCGGGATAGGGTGTCCCCATTAAGGCGGGAGTGCCGGTGGTGC,4.209755
AGTCCCCATTACGGCAAACTGGCTGGTGTCTCCATCAAAACTGGCGGTGT,4.2118816
TCAAGGATAGGGCTTGTCCCCATCAAGGCTGGTGTCCCCATTTGTCCCCA,4.2165256
GTAAGGTGTCCCCATTTGTCCCCCACCATTACGGCTGACAAGCACAGTGC,4.218995
GTCGGGCCCATTAGGCACGGCAAACTGGCTGTAGGGCTGGAAAATGGTGC,4.2236776
CATCAAGGCTAGGAAAGGTGTCCCCATCCATCAAGGCAAGCTGGCGGTAT,4.2242928
GCTGTCACCATCACGGCTAGTGTCCCCATTAAAACTGGCGGCAACAGTGC,4.2255373
AGTCCCCATCACGGTCGAGCTGTCCCCATCAAAACTGGCGGTTGCAGTGC,4.230535
CGGTATCGGGTGTCCCCATCGGGGATAAAACTGGCTGGCGGGCTAGGTGC,4.2391195
GTCAAGCTGGATTGTCCCCATCCAGGCGGGCTCGCTGGATGGTGTCCCCA,4.2416677
AGTCCCCATTACGCCATCAAGGTGTCCCCATCAGGGCTGGGGCCCGGCAT,4.2460613
TCCCCAATAGGGCGCGCGGAAATGCATACACTGGCGCTGGCGGGCGGCAT,4.2482305
CAGTTGTCCCCACTGGCTGGCTAGGCCAGGCTCAAGCTGGCTTGCAGTGC,4.2507105
GTCTGGCGGGGGTGTCCCCATCACGGCAGGCGGGCCCATTAGGGCGGCAT,4.2512074
GCCGGGATAGGGCTTGTCCCCATTATTGTCCCCGTCCCCATCAAAGCTGG,4.2561736
TCCGGGCTGGTGTCCCCAGTGGAACTGGCACTGGTGTCCCCATCAAGTGC,4.2680664
TCCCCATTACGCCATCTGTCCCCATCAGGGCTGGTGTCCCCATCAGGTGC,4.285517
CATCAAGGCAAGCTGGCTGGGGCATCAAAACTGGCTGGAACTGGCAGTGG,4.2940197
GGGTGTTGTCCCCATCACGGCAAACTGGATTGTCCCCATCAAGGCTGTGC,4.2960005
AACATCACGGATAGGGCTTGTCCCCATCACGGCTGGCTGGGGCTGGGCAT,4.2973757
GTTGTCCCCATTAAGGCTGGCTGGTGCCCATCTGTCCCCATTAGTCCCGG,4.297597
CAAACTGGTGTCCCCATCAAAACTGGCTGGGGCTGGGAGGCTGGCGGCAT,4.2979608
ATAAGGCTGGCATCAAAACTGGCTCGTCCCCATCACGGCAGGCAAACTGG,4.3062167
GCAAAGCAAGCTGGCTAGGGCAAACTGGCTGGTGTCCCCGATAAAAGCGC,4.3256464
GTGGTGTCCCCATCAAGGCTGTAGGGATTGTCCCCATCAAAACTCGCTGG,4.3294063
CGGTATTGTCCCCATCAAGGATAGTCCCCGGGCTGGGGCTGGGGCAGTGC,4.3304005
GCCGGGAGCAAACTGGCGTGTCCCCATCAAGGCGTGCTGGCGTGTGGCAT,4.3305054
CGGGCTGGGGCTGTTGTCTCCATCCAGGCACTGGAGTCCCCGGGCGGCAT,4.3346524
ATTGTCCCCATTATTGTCCCCCCCCATTACGCAGTCCCCATCAAAAGTGC,4.338767
CGGTATAAAACTGGCGGGCTGGTCGCCATTACGGTGTCCCCATTTGGCAT,4.341754
GCCGGGATTGTCCCCATCAAGGATAGTGTCCCCATCGCCATCAAGGGTGT,4.3426695
CATCACGGCAAACTAGCTGGCTGTGGTGTCCCCATCAAAACTGGCGGTAT,4.3433537
GTCGGGCGGGCTGGATAGGGCTGGCAAACTGGCGGGCAGGCTGGCTGTGT,4.3434987
GGGTGTAGTGTCCCCATTAGGGATTGTCCCCATCAGTCCCCGTGTGGCCT,4.3474255
GGCGCGCTGGATAGGGATAGGGCTGGCGGGATAGGGTGTCCCCATTGCGT,4.348381
GCTGTCCCCATCAAGGATAGGGCCGCCAGTTGTCCCCAGTCAGGCGGTGT,4.3514047
CATCCAGGCGGGCTGTAGGACATGCAAACTGGCTGTGGCACTGGCAGTGC,4.364557
AACATCAAGGCTGGCAAACTGGGGTCCCCATCACAAGGTGTCTCCATCGC,4.368281
AACATCAAAACTGGTGTCCCCATCGAGCTGTCCCCATCAGTACCCATTGC,4.377509
CATCCAGGCTGGGGTCCATCTGTCCCCATCAAGGATAGGGCTGGCGGTAT,4.3885713
TCCCCATTAGGGCTGGCTGGATTGTCCCCATCCGGGATTGTCCCCATCGC,4.4074526
TCCAAGCTGGATAGGGCTGGGGCGTGTCCCCATCAAGGCACTGGCATTGC,4.4141784
AACATCAAGGTGTCTCCATTACGTCGTGTCTCCATTAAGGCTGGCTGTGT,4.416553
GTCGGGCGGGTGCTCGGGTGTCTCCATCACGGCAGGCTGGATAGCGGTGG,4.419357
TCCCCAATAGGGCTCGCTGGGGCATCAGGGGGTGTCCCCATCAACAGTGC,4.4312325
GTCAGGCTGGATAGGGCTAAAACTGGCAAACTGGCTGGCGGGCACAGTGC,4.4335284
AGTCACCATTAGGCCCCATCAAGGCTGGTGTCCCCATTTGTCTCCATCGC,4.4367237
CAAACTGGCGGGATAGTCCCCATTACGGCATCAGGGCTGTTGTGTCCCCA,4.444286
GTTGTCCCCATCACGGTTAGGACTGGCGATTGTCCCCATTACGGCAGTGC,4.4528966
CAGGCTGGCGCTGGAGGGATAGTGTCCCCATTAGGGCAAACTGGCATCGC,4.454838
GTCGGGCAGGCTGGATTGTCCCCATCAGGGAAAAAGCTGGCTTGGGGCAT,4.460989
GTAAGTCTGGCGGGCTACGGTGTCTCCATCAAAACTGGCATCAACAGTGC,4.463959
GTATACGCACGAATACGGCTTGTCCCCATCCGTGTCCCCATTAAGGCTGG,4.465176
AACATCACGGCTGGCTGGATAGGACTGGCTGGCGGGCAAACTGGCAGTGC,4.476806
CGGTCTGGCGGGATAGGCCCCATTGGCGGGCTGTTGTCCCCATTGGGTAT,4.4837384
GGTGTCTCCATCAAGGATTGTCCCCATCCAGGCTCTGGATAGGGCTGTGT,4.4867067
CATCAAGGCTGGATAGGGATAGGGCTGGCTGGTGTCCCCATCAAAAGTGG,4.488589
GTACGGCCCGTCTCCATCCAAACTGGATTGTCACCATTACGGTGTCCCCA,4.488855
GCCGGGATTGTCCCCATCAAAGCTGGATAGGGTCCCCATCCGGGCGCTGG,4.4976387
CGGGATAGGGCTGGCGTCCAAGCTGGATAGGGCCCAATTGTCCCCATCGC,4.5002236
AAGGTCACGGCTAGTGCCGGGGTGTCCCCGTCCCCATCGGGGCGTGCCCG,4.5067363
GGGTCGGGCAAGCTGGATAGGGCTGGATAGGGCGTCCCCATCAACAGTGC,4.513918
TCACCATTACGGCTGGCGGGTGTCCCCATTACGGCGGGCATTAAGGCTGG,4.516713
AACGTCCCCGTCCCCATCAAAACTGGAGGGCTGGTGTCCCCATTAGGTAT,4.5223856
CATCACGCCCCATTACGGCTGGCGGGCAGGCGGGGGATACGGCACAGTGC,4.5256424
AACATCAAAACTGGAGGGCTGGTGTCTCCATTACGGTGTCACCATTACGG,4.527066
GCAAAGCTGGATAGGGCTAGGCCGGGCATTACGGATAGTCCCCATTGCGG,4.5278463
ATACGGCTGGATAGGGATTGTCCCCGTTGTAGGGCTGGGGGGTGTCGCCA,4.530219
CGTCCCCAATTGTCCCCATTCCTCGAGCAGGGCGCCACCATCAAAAGTGC,4.5387707
CAAACTGGCAAGCTGGCACTGGCTGTTGTCACCATTACGCCCCATTGCGG,4.5611296
GGGGATAGGGCCGGCAAACTGGTGTCCCCATCAGGGATTGTCCCCATCAT,4.571539
TCCCCATCAAAACTGGCGGACAAACTTGTCCCCATTAGGGCTGGGGGTAT,4.5732017
CGGTGCTGGTATTGGGATGTTCGGACCCTCACCCTTGTGTACGCCGACAT,4.578523
GTACGGTGTCACCATTAGTCCCCATTACGGTGTCCCCATCAAGGCTGTGG,4.58095
GACAGCCAAGCGTCCCCATCAGGGATAAAACTGGTGTCCCCATCAGGTAT,4.581177
TCCCCATTAAAGCTGGATAGGGCTGGTGTCCCCATCTGTCCCCATTGAGG,4.5822916
GTCAGGCTGGCGGGTTGGGCCAGGCTGGCTGGATACGGCAAACACAGTGC,4.600596
GGCGCGCTGGATAGGGATAGGGCTCATCACGGTGTCCCCACTGGTGGCGT,4.6012692
CATCTGTCTCCATTACGGCAAACGGGCATCTGTCCCCGTGTGCCCGGCAT,4.604282
GTCAAGCTGGAGGGATAGGCCCCAACCATCGAGGTGTCCCCATTTGGCAT,4.611014
AACATCACGGCTGGTGTCGCCATCAAAACTGGCGGGCAGGCTCGCGGTAT,4.617481
GTAGTCCCCAATAGTCCCCATCCCCGTGAAAGGGCAGCAGGGCTCGGTGT,4.618474
CGGGACAGGGTTGCCAGCTGTCCCCACTGGCATCTGTCCCCATCAGGTAT,4.619955
CATCACGGCGGGCGGGCGGCCGTGTCACCATTACGGCTCGCGGGCTGCGG,4.6314535
GGCTGGATTGTCCCCATTGAGTAGGGCGTGTCCCCATTAGGGCATCGCGC,4.633956
GTCGGGATAGGGCTGGTGTCCCCATTGTAGGGCGGTACGGCTGGCGGTAT,4.655888
GTTGTCTCCATCAAAGCGTCCCCATCCAAACTGGCGTTGGGTCATAGTGC,4.657535
CGCGCTGTAGGGATTGTCCCCATTAGGGTGCCCGTGTCCCCATGTCGCCT,4.659152
CATCTGTCTCCATTAAGGCTAGGGATTGTCACCATTTGTCCCCATTACGG,4.665998
GGCTCGGGCTGGGGTCCCCGTCCCCATCGCCATCGGGGATAGGGCGGTAC,4.6719074
GTACGGCGTGACCCGCCTGGTGTCACCATTAGGGTCCCCATTAAGGGTGT,4.678311
AACATCAAAACGGGCGGGATAGGGCCGCCATTACGGCTGGCGCGCGGTGT,4.6793118
TCAAGGAGTGTCCCCATCAAAACTGGCAAACTGGCGCTGGCGCTTGCTGG,4.6819983
GGTGTCTCCATCAAGGCTGGTGTCACCATCCCCATTGGGGGGATAGGTGC,4.6937284
AGTCCCCATTAAGGCGCTGGCTGGCGATAGGGCAAACTGGCGTTCGGTGC,4.7118335
GTAAGGTGTCTCCATTTGTCCCCATTAAGGCTCGCTGGAGGGCTTGCTGG,4.723515
CATCAAGGCAAACTGGCTGGATAGGGCTGGGGATTGTCCCCATTGGGTAT,4.726292
ATACGCTGTCACCATTACGGCTAATTACGGCTGTACGGCGTCCCCATTGC,4.7417703
CGGTCGGGCCGAATAGGGCCGGCTGGCAGACAAACTGGCTGGTGTGCTGG,4.745973
CGTCCCCGTCCCCATCAGTCCCCACTGGCTGGGGCTGGGGGGTTAGGTGC,4.7508907
CGTCACCATTACGGCTGGATAGGGCTGGCGGTTGTCCCCGTTTGTCCCCA,4.7627845
AACCTTGGGTGTTGTCACCATTGGGGCGGGCCCATCTGTCCCCATTCAGG,4.762824
CATCACGGATAGGGTGTCTCCATCCGGGCGTGTCACCATTACGGTCCCCG,4.7714515
CAAACTGGCATCAGTCCCCAATCGGGCGGTAGGGATAGGCCCCATTGCGT,4.787103
GGTGGGTGTCCCCCTCCATCAAGGATAGGGCTGGATAGGGATAGGGCTGG,4.7974787
CGTCTCACCATTACGGCTGTAGGGCTGGCTGGCAGGCAAACTGGCTGTGC,4.8005724
CGGTATAGGGCTACGCCGGGTCTCCCTCGTACGCACGGCGTCCCCATTAT,4.8526382
CGGTATTGTCACCATTGCGCCGTCCCCATCAGGGATAGGGCGTGTCCCCA,4.8673134
CGCTCTGGTGTCTCCATCTGTCTCCATTACGGCTAGGGCTGGGGCGGTGG,4.869019
AGTCTCCATCAAGGCTGGTGTCCCCATTACGGCTAGTCCCCATTAGGTAT,4.873787
TCCAAGCTGGAACTGGAGGGCAAACTGGCTCAAACTGGATTGTGCCCCCT,4.877147
AGGGCTGGTGTCTCCATCAAGGATAGGGCCCGTTAGGGCTGTGGCACTGG,4.8964553
GTAGGTTGTCACCATTACGGTGTCCCCATCAAGGCTGGTGTCACCATCGC,4.898633
CATTCGGGCATCAAGGCTAGGGCTGGCAAGCTGGTCAAAACTGGCTGTGC,4.8990803
GTCAGGCGTCCCCAAGTGCCCATTAGGGCTCGGGCGTCCCCATCAATCGC,4.9110765
CATCAAGGCAAGCTGGATTGTCACCATTACGGCGGGCGTCACCATCGCGT,4.916675
CATCAAGGCGAGCCCATCAAAACAGGCGGGATTGTCCCCATCAAGAGTGC,4.933911
AACATTTGTCACCATTACGTCGGGCGGGATAGGGCTGGAGGGCACAGTGC,4.9350057
CATCAAGGCTGGGGTGTCACCATTACGCCCCATTACGGTGTCTCCATCGC,4.9584775
CATCACGCAGGGCTGGCTGGCAAACTGGCGTGATCGGGCTGGCTGGGTGT,4.9756503
GTCGGGCCCATCCCGGGTATAGGGTCCCCATTAGTGTCCCCATCCATCGC,4.9823217
AACATCAAAACGGCCATTACGGCTGGCTGAGTACGGCGGGTGTGTCCCCA,4.987746
CATCAAGGTGTCTCCATCAAGGATAGGCCTGGCTCATCAAGGCTCGGTGT,5.0119877
CGCGCTGGAGGGATAGTGCTCGTCCCCATCCGGGCGGTAAGGCTGGGCGT,5.019274
AACATTACGGCTGGATACGCCTGGCCTCAGTCCCCCGCTGTCACCATCGC,5.0299597
AACATCACGGCATCACGGCAGTACGGCAGGTGTCACCATTGGGGCAGTGC,5.0349855
GTAAGGCTGGCGCTGGCTGGAGGGCTGGATAGGGCTAGAGGGCTCAGTGC,5.0612764
GGGTGGGTTGTCCCCATCTGTCACCATTAAGCAAAACTGGACAACAGTGC,5.06173
AAACGCTGTCACCATTAAGGCACGCTGGCTTGTCCCCGTGTCTCCATCGC,5.067173
GTAAGGTGTCACCATTACGGCTAGGTAGGGCAAACTGGTGTCCCCATTGC,5.0746336
CGGGATAGGGCTTGTCTCCATTACGGCAGGCTGGATAGGGCGCGTCCCCA,5.0840263
CATTACGCCAAGCTGGATAGGGATACGGCTGGTGTCTCCATTAAGAGTGT,5.0848784
GTCAAACTGGCATCAAAACTGGCACATCAAGGCTTGGCCATCAACAGTGC,5.1082172
GCATACGCCAAGCTGGCTGTACGGCGTCTCCATCCAGATCACGGCTGTAT,5.1180143
CACGCTGGCAGGCAGTAGGTAGGGCATCACGGCAATAGGCCCCATTACGG,5.1302342
GTACGGTGTCTCCATTTGTCACCATTTGTCCCCATCACGAATAAGAGTGC,5.1312075
CATCACGCCCCGCTGTAGGGCTGTAGGGCTAGGGCTGTAGGGCTCGGTAT,5.133587
CGGTATAGGGCCTGGATCAAAACTGGTGTCTCCATTCAGGATAGGGCTGG,5.1386476
CGGGATTGTCACCATCTGTCCCCATCAAGGCTGGAGGGCTGGCTAGGTGC,5.140864
TCAAGGCGGGCCTCAAGGCGGGCTGGGTAGGCCCCATTACGGCGGTGTGC,5.1477814
AACATCACGACTTGTCCCCATTAGGGCGCTCGGGCTGTGGCGCTTGGTAT,5.152677
AACATCACGGCTGGCAGGCTGGTGTCACCATTAGGGCCCATCAACAGTGC,5.1561637
CATCTGTCCCCATCCCCAGTAGGTAGTGTCACCATTGAGTACGGCCCCAT,5.1562786
GGGCCCCGTTGCGCCATCAAGGATAGGGCTGGCGGGGGATAGGGCGGTAT,5.1658893
CACCCTGGCGTCCATTACGGCGCTGGCTGTAGGGCTGTAGGGCTGGGCAT,5.1767983
GAGTAGGGCTGGTTAGGGCTCGGGGGATACGGTGTCTCCATTAAGAGTGC,5.1959763
CATCTGTCACCATCACGCCCCCTTGAATAGTCCCCATTAAGTCGCGCCGG,5.206039
GTATACGGCGGACATCACGGCTGATTACGGCTGGATTGTCCCCATTGCGC,5.2150755
GTTGTCACCATTACGCAAGGCTGGGGGGTGTCCCCATCCCCATTTGGCAT,5.2296762
GCAAGGTGTCACCATTACGGCTATTGTCCCCATTGAGTAGGGCTCGCTGG,5.2357564
CATTACGGCTGGATAGGGCTGGATAGGGCTGGCGGGATAGGGTGTCCCCA,5.238891
TTACGGCGTGTCTCCATTAAGGTGTCTCCATTACGGCAAACGGGCTGTGC,5.2716975
CATCTAACCCCAATAGGGATAGGGCGTCACCATTACGCCCCGTTGGGCGG,5.2852964
AACATCACGGCGGTACGCATAGGGCTGGGGCTTCACCATTACGGCGGTAT,5.2998652
CATCAAAGCAGGAAGGTGTCTCCATTGCAGGGATAGGGTCCCCATTAAGG,5.3107986
CGTGTCACCATTACGGCGGTACGCCAGGCTGGGGATAGGGATAGGGGTGT,5.3116746
AGTCCCCGTCACCATTACGGTGTCCCCCTCCCGAATAGGCCCCATTGCGT,5.3315616
TCACCATCACGGATAGGGCTGGATAGTCCCCGGTCAGTAGTCCCCATCAT,5.338151
TCCTGGATTGTCCCCATCAAAACTGGCAAACAAACTGGAACTGGATGTGG,5.366494
AGTCACCATTAAGGATAGGGCGTGTCCCCATTACGGCGTCACCATTGCGC,5.3727865
AAACTCTGTCACCCGTATAGGGCTCGGGATAGGGCCGGCAAGCGCGCTGG,5.374563
GAATACGGCAAACGGGCGGTAGGGCTGGTGTCACCATTGCCGGGCTGTGC,5.402404
TCCCCGCATTACGGCTATTGTCCCCATCACCATTACGGCAGACTCGGTAT,5.407089
CGGGCTGGGGTTCAAACTGGCAAACTGGAACTGGATAGGGATAGTGACGT,5.4232907
GTAGGTACGGCTGTACGGTGTCACCATTACGTATACGGCGGGTGCAGTGC,5.428797
GTGTTGTCACCATCAGGGCTCAGGCAGGCGGGCGGGATAGGGCTCAGTGC,5.428884
CACGCTGTACGGCGGGACGCACGGCTCGCGGGCTGTACGGCTGGCTCCGG,5.4426804
GTACGGCGGGTCACCATTACGCCGCGCTGGGTACTCCCCATCTAGAGTGT,5.44276
GCCAGGTGTCACCATTACGGCTGGTCCCCATCAGGAATAGGGCTCAGTGC,5.445613
TCAGGGCAGCAAGGCGCGCCCGATAAAGCTGGATAGGGCGTGCCCATCAT,5.453916
TCCAGGCTTCACCATTACGCCGGGAGTGTCCCCATCAAGGAAAAAAGTGG,5.454295
CATCCAAACAGGCAAACGGGCAGGCTGGCTCTGGCTAGGTACGGCGGTAT,5.455894
GGTCACGGTCACCATCAAGGCTGGATAGGGCTGGATAGGGCTCGTACTGG,5.4641237
CATCACAGCGCGACCCTTGTGGGGGTACGCCGGTACGGCCAGCGCGCGGG,5.470586
CGGGATACGGCTCGCTGGGTTGTCACCATCACGTATAGGGTCTCCATCGC,5.496664
AAACGCTGTCACCATCACGGTGTCTCCATTACGTCCGGCGGGATAGGTGC,5.511251
AGTCACCATTGTAGGCACCATTACGTCGGGCTGGCTGGATACGCCAGTGC,5.515791
CACAATACGGCTCGCGGGTTACGCCGGGTCACCATTGCGTTGTGCCCCAT,5.5196896
GGGCATAGGGATAGGGCCAGTCCCCGTCACCATTAGTCCCCATTAAGTGC,5.52214
CAGCCAGGCTGGATAGGGCTGGCCCGTTGGGGATAGGGCAGACACAGTGG,5.5228395
CGCTTCGGTGTCCCCATCACCATTTCACCATTACGGCTGGCGGGTGGCAT,5.5283413
TCACGAATAGGGCGTCACCATTACGGTCACCATTTGTCCCCATTGGGCAT,5.531542
AACATCGCGGTCTCCCTCCAAGCGGGCTGTTGTCACCATCCCCATTGCGG,5.544532
CATCACGGTGTCACCATTGATTACGGCTCGAGGTACGGCGGGCCCGTTAT,5.5448284
AAGAATACGGATAGGGCTGGTTACGCCGTGTCCCCGTGTCACCATTACGG,5.5554924
TCACCATTACGGCTAGGAATAGGGCTTGTCTCCATCAAAACTGGCGGCAT,5.5580773
CAGGTGTCACCATTACGGCTGGCGGTTGTCTCCATCCCCATTTGTCCCCG,5.559738
GGTGTCACCATTTGTCTCCATTCGGGGGCTTGGTCTCGGGCCCGTCACGG,5.5713863
GTATTGTCACCATTGCGTACGCCGGGCGGTACGTACGGCGGGCCCGGTAT,5.5824475
GTAAGGTGTCACCATTGGCAAACTGGACACCATTACGCACGGCTCAGTGC,5.5927076
ATACGCCAGGCTGTCGGGTCACGAATACGGCTCGCGGGGTTGGGTCGCAT,5.602357
GTTGTCTCCGTCACCATTACGGCTGGCAGGTGTCACCATTACGGCTGTGC,5.6053004
CGTCACCATTACGGTGTCACCATTACGCCCCATTACGGCTAGGGCTGTGC,5.60925
GTTGTCACCATTACGCCGGGATTGTCCCCGTGTCACCATTACGGCTCCGT,5.60971
CACTCTGGCGCTAGGGGTAGGGATAGGGATAGGGTGTCACCATTACGTGT,5.61417
GTAAGGCTGGACCATCTGTCCCCATCAGGGATAGGACTGGCATTCAGTGT,5.621053
GTCTGGGGCGGGCGTCACCATTACGGCAAACTCGCTGGCTTGTGTCCCCG,5.627276
CATCTGTCACCATTACGGCTAGGGATAGGGTGTCACCATTACGGCGGTGT,5.631884
GTAGGGTGTCACCATCACGGCTAGGGCACTGGATAGGGCTGGTGGGGTGT,5.633045
CGGTATACGGCTGGCAGGCGTCACCATTACGGCAAACGGGATAGCAGTGC,5.6382017
CGGAATACGGCTGGCAGGCGGGCGGGCGTCACCATCACGGATAGGGCTGG,5.6584134
GCCGGGATTGGCACCATTCCTCACGTCGGGCGGGCGGGATAGGGCCCCCT,5.6612024
GTAGGGATAGGGATAAAACTGGTGTCCCCATCACCATTACGGCACAGTGC,5.6618776
CGTCACCATTACGGCTGCCGGGCTGTACGGCGTCACCCTCCAGGCTGCGT,5.664921
GCCGGGATACGCACGGCTGGGGATTGTCACCATTACGGCAGTAAAACTGG,5.6716824
CATCTGTCACCATTACGGGTGTGTAGGGCTTGGTCGCGGGATAGGGCTGG,5.6764245
ATACGCACAGCGGTCCTCCAGTATACGGCGCTGCTCTCCGTCTCCATTGC,5.684835
TCACCATTAAGGATAGGGGTACGCCATCACGGTCGCCATCACGGCTCCGG,5.6857786
GCAAGGTGTCACCATTACGGCTGGCACACGGGCGATAGGGCGCTGGGCAT,5.7063107
AACATCACGGCTGGCTGGCTGTAGGGCGGGATAGGGCGTACCCATTGTGC,5.707171
CGCTGGATAGGGTCACCATTACGGCTGGATAGGTAGGGCTCGTGTCCCCA,5.715445
CGGTATTGTCACCATCAAGGCTGGCATCACGGTGTCTCCATTACGTGTGG,5.7169785
AAACTCCCCGTCACCATTACGGCCCGGTATAGGCACCATTACGGCTCCGG,5.7277446
GCCGGGATACGGCTGGATACGGCTCGCGGTAGGGTCTCCATCCCCAGTAT,5.7302904
CGCGCGGTGTACGGACAGCGCGCGGGCGGTCGGTACGGCCAGCGCGCGGG,5.762349
TCAAGGCTGGGTACGTACGTAGGTACGCACGGCGGGCGCGCGGGGTGCGG,5.7769537
CATCACGATTGGGGCAATAGGCCCCCTCCATCAAGGCTCGGGCTAGGTAT,5.795041
AGTCACCATTACGGCAAACTGGCCCATTACGGCTGGATAGGGCTAGGTAT,5.801804
TCACCAATACGGCTGGCGGGCCCGTTACGCTGTCACCATTACGGCAGTAT,5.8217874
CGTCACCATTACGGCTAGGGCGCCCATTACGGCTGGATAGGGCTGGGCAT,5.822001
CATCCAGGCGGGATACGGTGTCACCATTGCGGGAATACGCCTGGCGGTAT,5.8371143
GTACGGTGTCACCATTGAGTACGGCTGGCGGGATAGGGCTGGCTTGGCAT,5.8378243
CGTGTCTCCATCACCATTTGTCACCATTACGCCAGGATAGGGCTGTGTGT,5.838029
TCCCGGGCTCGCTTACGTACGGCGGTAGGTACGGCGGTACGCTACAGTGC,5.8487854
GTTGTCACCATTACGGATAGGGCGGGATTGGGCCCCTTAGTCCCCATCAT,5.8517346
AACACTGGCGATAGGGCTTCCCAGTCCGGGCTAGGGGGATAGGGCTGTGG,5.8600216
CGGGATAGGGATAGGCACCCTGGGGGGTGTACGGATACGCACGGCGGTAT,5.873583
CGTGTCACCATTACGGCCGCCATTACGGCTAGGGTGTCTCCATTAAGTAT,5.883959
CAAACTGTAGGGCTGGATAGTGTCACCATTACGGCTGGAGGGCTCGCTGG,5.8864384
GGCTGTAGGGCGGGCAAGCGGGATTGTCACCATTACGGCTAACGTGCCGG,5.887181
CGCGCGGTGTTGGGGTGGGTACGGCTGGCGGTACGCCTAACGCGTTGTGT,5.8898754
CGGTATACGGTGTCACCATTACGCCAAACGGGATACGGCAGGCGCGGTGT,5.9125576
GCCGGGATACGGCGGGCGTCTCACCATTACGCAAGACTGGCGGGCGGTAT,5.913552
CGGTCTGTAGGGTCACCATTGCGTACGGTGTCTCCATTAAGGCGTGGCAT,5.9180083
CATCACGGTGTCACCATTAAGTCGGGATAGGCCCCATTTGTCTCCATTAT,5.9205947
CCTCCAGTAGGGCGCTGCGCTGACACCCTTACGGCGCGGTGTAGGAGTGC,5.9397764
GCAGGTACGCAAGGCTAGTGTCACCCTTGCGCACGATTACGCCCCACTGG,5.952177
GTACGGCTGGTCTCGGTGTCTCCATTAAAACTGGTCACCATTACGGGTGT,5.953145
GTACGGCTGGATAGGGATAGGGACCCTTACGCCAGGATACGGCTCAGTGT,5.954665
GTTGTCACCATTACGGATACGCCGGGTCACCATTTCGTCGGGGGTGGTAT,5.966835
CGGTGTAGGTACGCCAGGATACGGCGGGACCCTCAGGGTCTCCATTACGG,5.970063
GTTGTCACCATCTCACTCCAGGATAGGGATAGGGCTGTAGTCCCCATTAT,5.9817266
CGGGTGTCACCATTACGCCCCGGTATAGGGTCACCATTGCTCTCCATTAT,5.983658
CGGTATAGGGATTGTCACCATTACGGATACGGTGTCTCCATTCCGGGTAT,5.9890594
ATACGCCAGAATTGGGGCAAGATTACGGCTAGCGGGGTACGCTGCAGTGC,5.996975
GTAGTCACCATTACGGCCCGGAATAGGGATAGGGCTAGGGCCCGCGGTAT,5.9988947
CATTACGTACGGCTCGCAGGCGGTACGGCTGGATACGATTACGGCTACGG,6.011463
CGGTCTCGTGTCTCCACATTACGGATAGGGATAGGGCGCGCGGGCTGTGC,6.013856
AAGAATACGCACCATTACGCCAAGCGGGTCACCATTACGCTGTGTCCCCA,6.014601
AACATCACGGCGGTACGTACTCACCATTACGGATACGCTGTCACCATCGC,6.0266337
CATCCAGAATACGGCGTCACCATTACGTACGGCGGGGGATACGCCAGTAT,6.045943
GTACGGATAGTCACCATCCAAGCGGGCTACTCCCCCTTGATTACGGGTGT,6.055875
CGTCACCATTACGGCTAGGGCTGGGTGCTCGATTACGGCTAGGGCTGTAT,6.073854
CGGTATACGGCCGAGTTGTCACCATTACGCTGTCACCATTACGGCGGTAT,6.073895
ATACGGTGTCACCATTACGGCTCGCGTGTCACCATTACGGCTAGCGGAGC,6.0764565
AAGGCGCGTGTCACCATTGCGCTGGGCCCCACCATTACTCACCATTGCGG,6.084162
CATCAGGACCTCACGGCTACTCACGAGTAGGGATAGGGATAGGGCTGTGC,6.0919724
CGGGATAGGGATTGTCACCATCACCATTATAGTCACCATTGCTGCAGTGG,6.09265
CGGTTCACGAATAGGGGTTGTCCCCGTTGCACGGTGTCACCATTAGGTAT,6.094361
GACAGTTGTCACCATTACGGCTACGGTTTCACCATTACGTACGCCGGTAT,6.1001377
CATCACGGTGTCACCATCAAACGCCGGGGAGTAGGGATAGTCACCATCGC,6.108692
ATACGCCAAGCAGGCGGGTGTCACCATTTGTCTCCATTAAGGATAGGTGC,6.118099
AGTCACCATTACGGAAACTCTGTCACCATTACGCCCAGCGCGCGCGCGGG,6.1198125
CGCTCGGGGGATACGGCTCGATTGTCACCATTTCTCCATCACGGCCCCGG,6.125682
CGGGATAGGGCTAGGGCTGTAGGGCTAGCTGGACACGATTAGGGCCCCAT,6.127432
GTTGTCACCATTAGTCACCATCACGATTACGGGAGTACGGCTGGCGGTAT,6.1318264
ATACGGCGGAATACGCCGGTATAGGGATACGGCGGTACGGCTCGCGGTAC,6.1450768
ACTCCAATAGGGCGCGGGATACGCCCAGCGGAATTGTCACCATTAAGTGC,6.147721
GTCAGGCAGGCGGGGTGTACGGCTCTAGGTACGTACGGCTGGCGCGGCAT,6.148941
AGGCCTCGGGATACGCTGTCACCATTACGCACCATTACGTTGTGTCCCCA,6.149775
AGTCACCATTACGGATAGGGCAGGCTGCCGGGATTGTCTCCATTAAGTAT,6.1580734
TCACCAATACGCCCGGCTGAATAGGGCTATACGGCTGTACGCCACAGTGG,6.1826158
GTACGGCAGGCGGGTGTCACACGCCTAGTCACCATTGCAGTCACCATCGC,6.1967187
GTCGGTAATTACGGCCCGCCGAATAGGGCCCCTCCAGGCTACGCCCGCAT,6.211886
CGCGCTGTAGTCACCATCTCACTCCGAGACCCGCCGGGGTGTACGGCTGG,6.218029
CTGTACTCCATTACGGCCTCCATCGAGTATAGGGATAGGGGTAGGGGCGT,6.227006
CGTCACCATTTCGCCCGATTACGCCACGCGGGGTGCTGGAATTGGAGTGC,6.2352347
GTTGTCACCATCACCATTACGGTGTCACCATTTCGTGCCGGGGGGTGTGT,6.24024
TCACCATTACGGCCGAATAGGGTCACCATTTGGCACCGTTTCACCATCGT,6.2657766
ATACGGTGTCACCATCAAGAATACGGCTGAATAGGGCTTGGGTTGGGTGC,6.2698345
AGGGCTCGGGATACGGACCATTACGCCAGAATTGGTGTGTACGGCAGTAT,6.2826214
GTTGTCACCATTACGTACGGCACTCGAGCGGTCGCTGCGCACGGCGGTAT,6.284106
GCCTGCTCACGATTTGTCACCATTACGGATACGCCCGGTGTCACCATTGC,6.293114
GAATACGGCCGGTTGCGATCACGGCTGGACACCATTACGGCCCGTTCAGG,6.295066
CATCTCAGCGGGCGCGCTGGGCTCACGATCTAGAATACGGACCATTGCGG,6.3219304
CATCTGTCACCATTACGGCGCGCGGTACGCCGGGTCACCATCCAAACGGG,6.3268995
CCGCTGTCACCATCCAGGCTGTGCACGGTCACCATCAAGATTACGGCTGG,6.332955
GAATTGTCACCATTACGCCTGGATAGGGGTTGTCACCATTAAGACAGTGC,6.3369956
AACATTACGGTGTCACCATTACGCCTGGAGTGTCACCATTACGGCGGCAT,6.337967
AGGGCGCGTTGCGTGGTTGCTTGCTCTCGTGCTCAAGATTACGGCGGTAT,6.359208
GTGTACGCCCAGCCCCTCTCACTCCAGAATACGGCGCGTTGCTTACGTGC,6.3714595
CCGCCGGTGTTCACGCTCTGACACCATTACGGCTAGTCACCATTTAGTAT,6.373883
CAGAATACGGCTTCACCATTACGCACCATTACGTACGTACGGCTCAGTGT,6.386082
AGTCACCATCAAGATTACGGCCAGCGGGTGCTGTGTACGGATACTCCCGG,6.3894234
ACTCCAATACGGCGAGCGCGCGGGTCACACTCCGCTGTGTGTACGCCGGG,6.3910255
AACACTTGTCACCATTACGCCGGGATACGCTCCGGGGTATACGGCGGTAT,6.3943415
CAGCCGTGTCACCATTACGCCCAGCTGGTCACCATTTCGCACCATTGCGT,6.410745
AACCTCTAAGCGGTGGTTACGCGCAGGGCTAGTCACCATTTCGGCTACGG,6.4109535
CGGAATACGGCGTGTCACCCTTGAGTACGGTGTCACCATTACGGCCGCAT,6.428091
ATACGCAAGAATACGGATAGGGCGGGCCGCTCTGGTGCTCCATTAGGTGC,6.433653
CATTACGGCGTGACCCGTTGTCACCATTGTACGCACGGCCCGTGTCACCA,6.4410934
AGTCACCATTACGCACAGCAAGTGCGAAGATTACGTGCGTACGGCGGTAT,6.450099
ATACGCCAAGCGCGCTGCTGGGGTAGGTACGTACGGCTGGAGTCACTCGC,6.4521728
CATTACGGCGGACTGTACGGCTGAATAGGGCTGGATAGGGATACGCGTGC,6.4552784
GTCGGTAGGTACGCCGGGATAGGGATTGTCACCATTAGTCACCATTGCGT,6.460396
AGTCACCCTTATACGGCGCGGTTTTGGGCTGTATACGGCGGGCACCTCGC,6.47516
TCCCAGTCTCCATCAAGATTACGGCGGGTCTCCCTCAAGGATAGGAGTGC,6.479338
TCACCATCACCATTGCAGGTCGGGCGGTACGGTGTCACCATTACGAGTGC,6.479556
CATCAAGATTACGGATACGCCAGGCTGCGGTGTCACCATTACGGCTGGGC,6.4798956
GTGTAGGTACGGTGTCACCATTACGTGTTGGGTCACCATTACGGCTACGG,6.4817286
TCCAGAATACGGCGGTGCTCACTCCAGGCTGTACGCCCACGCCAGGGTAT,6.4848404
ATACGCACCATTACGGCTAGGGACCCTTGCGTACGGCCAGCGGTTCGTAC,6.487456
ATACGGCTGAATAGGGATAGGGGTATACGGATAGGTCGGGTCTCCCTCGC,6.492134
GTGTTGGGGTATACGACTTGGGGTGTACGGCGCGTGGGGTACGTGTGCGG,6.4930487
TCCCCAATAGGCCCCATCAAAACGCGCGGGGTTGTCACCATTACGACTGG,6.4931364
GTACGGCAGTACGGTGTCACCATTACGTGCTAGGTGTCACCATTTAGTAT,6.500868
TCAAGGCAGTTGTCACCATTACGCCAAGCGGGATAGGGTCTCCATTAAGG,6.519828
TCAAAGCGGTTCTCGCTCTAGTACGGCGGTGTGGGTACGCACAGCGGTAT,6.5229616
AACATCACAGAAGGTTGCTTACGCCACTTGGTTGTCACCATTTCGTGTGC,6.525139
AACATCTGTGTCACCATTACGGCGAGACCCTTGCGTACGGATAGGGCTGG,6.5304546
CGGTATAGGGATACGGCGCAGAGTACGGCGTGTCACCATTACGGCACAGC,6.5323396
GTGTAGGTACTCCAGGATAGGGATTGTCACCATTTGTCACCATTTAGTAT,6.5390415
CGCGCGGGATACGGCTGGTCCATCAAGGATTGTCACCATTACGGCAGTAT,6.541894
GTTGTCACCATTTGACACCATTTCGAGATTACGGCTGGCGAGACCCTCGC,6.5465174
CGTGTCACCATCACGATTACGGAACATTACGGTCACCATTACGTACGTGC,6.554689
CGGTACGGCGGTGTGTAGGTGTGTACGAATACGGCGGTACGGCTGGGTAT,6.557501
CGGTCTGGCTGATTACGGATAGGGATAAGTACGGTGTGTGCCTCCATTAT,6.559973
CCTCCAGTCTACGGTGTCACCATTACGTACATACGGCTCGCGCGCGGTAC,6.5603733
CATCTCGAATACGCTCACACCCTCACACTCAAAATTACGCCGGTGTGCGC,6.561246
AAACTCCGAGCGTCCCGCCAGGAGGGCTGGATAGGGATAGGGCTAGGTAT,6.56297
CATTACGCCTAGATACGCCCAGTGTCACCATTACGGCGAGACCATTGCGG,6.565174
CGCGGTGCACGATTACGGCTAGGGCGGTGCTGGGACACGATTACGCCAGG,6.5680656
CGGTATAAAGCGTGTCACCATTTCTCCATCCAGGTGTCTCCGGGCCGCAT,6.5684175
CGCTACGTGTACGGCTGGTGTGACACTCCGCGGTGTGCAGGGCGTGGCAT,6.570734
CGGTATACGGATACTCCGGTGTGTACGAATACGGCGCTCGGTGCTCACGG,6.573717
ATACGCCTGAATTGGGCGTCACCATTTGTCACCATTTGTCACCATTGCGG,6.5860186
TCTGTCACCATTACGAATAGGTACGCACGGCTGGTGTCACCCTTCAGTAT,6.594658
CATCTCGAGAATACGGATTGTCACCCTCCGGCTCCATTACGGCGTGGCAT,6.605478
CGGTGTTTACTCCAATACGGCTAGCGCGCGGGCTACTTGCTTACGCCCGG,6.611943
ACGCCGGGTTACTCTAGAATACGGCGCGCGAGCGGGATACGCCGCGCGGG,6.613156
TCAAGATTACGCCTCAATTGTCACCATTTCGTATAGGTACGGCGCGGTAT,6.6135635
CAGTTGTCACCATTACGTACGGCGGGTCTCACTCGCGTACGGCCCCTTAT,6.6312656
GTTGTCACCATCTCACTCCAGGATAGGGATACGCCCAGCACGCGTGCCGG,6.644277
ACGGCGGGTTGCTTGCGCTGGCTCTAGTTGGTACGGCGGAATACGCCTAG,6.6444445
GGTTACGCCCAGCGCCGTTGTCACCATTACGGTGAGACCCTCTCACTTAA,6.64818
GATTACGCTGTCACCCTCACCCTTACGCACGGACACCATCTCGATTGCGG,6.6507545
CAGCTCAAAATTACGCCAGAATACGGTGTCACCATTACGCCTTCGTGTAC,6.664604
AACATTACGTACGGACGAATACGGACCCTCCGGAGCGTACTCACCATCGC,6.66646
CGGTGCACGAATACGGCGGTACGGACAATTACGCTCATCGGTACGGCTGG,6.6707478
AGGGATACGCCTCGTGTGACCCGTGTAGTCACCATCACGCTCTCGGGCAT,6.6793265
GCTGTCACCATTACGCCATTACGGCGGTAGGTACGCTGTCACCATTAAGG,6.68968
CGGTGTGTACGGATAGGGATACGATTACGGCGTGTCACCATTTAGTGTGC,6.692472
CGGTATTGGAATACGGCTGTTGTCACCATTTCGAATAGGGATAGGGCTGG,6.6942616
ATACTCCAAGCGCTCGGGCGGTATTCGGAAGCTTACGCCCAGCGCGCGGG,6.6989317
AACCTCACAGCAGGTGTCACCATTACGGCGTGTCACCATTACGTCGGAGC,6.6990476
GTCGGGCGTCCATCACGAATTGGCACCATCCAGAATAGGTGGTGTCACCA,6.7021484
AAGAATACGGCTGTAGTCACCATTACGTCCGTACGTGCTCAAGATTGCGG,6.703122
GCGTACTCACCATTACGCCGGGACACCATTTCGAATAGGGATTGGAGTGC,6.7041054
GCTGTCACCATCTAGAATACGCCCGGTGTCACCATTTCGTGCTCACTTAT,6.707123
CATCCGGGACTCCCTCCAATTGTCACCATTACGCTGTCACCATTACGCGC,6.708026
TCTAAGACCCTCTCGGATACTCAAGATTACGGCGGAATTGTCACCCTCGC,6.717066
GCACCATCAAGGCGCGCAGGATACGTACGGCTGTAGGGATAGGGTTGTAT,6.720265
GCATACGCTGAGACCATTTCGTATTGTCACCATTGGGTACGCCAGGGTAT,6.727813
CGGGTTACTCTAGGTTGCACCCTCCAGAATACGGCGAGACCCTTTGGTAT,6.73129
GTTGGTACGTTGGGCGGTACGTACGGACAGCGTGACCCTTGCTTACGCGC,6.731509
AACCTCTCAGAAGATTACGCTCAGAAGATTTGACACCATTGCACGCCGGG,6.7328763
CGGTCTTGGGGTGTACGGTGTCACCATTGTAGGGGTAGGTGGTTACGCGT,6.7355824
AGGCCGGTACGTACGGCTTGGGTAGGTGTCACCCTCCAGATTACGGCTGG,6.739663
AGGGCTACTTGTGCACGATTTCGTGTTTACGCCGGAGTACGCTGCAGTGT,6.7415724
CCTCTAATACGCCGGTGTTGTGGTGTATACGCCTAGTGTCACCATTGCGG,6.74695
CATTACGCTGTCACCATTACGGCTGGCGGTTTGCGCAAGATTACGCGTAT,6.747383
GTACTCACCATTTCGTGTTGGTGCGTACGAATACGGCTAGCGGTCGGTAT,6.7519464
GTGTAGGTGCGTACGGCGGGTTGCTTACGGCTGAATAGGCACCCTCCAGG,6.7539086
GAATACGGCACACGTGTCACCCTCCAGAATAGTGTCACCATTACAGCTGG,6.7543144
CGGGTCACCATCTAGTGTTTACGCCAGGATACTCACCATTTCAGCGGTAC,6.763634
AGGGATACGCCGCGCGTCGAGTTGTCACCATTATAGGGATAGGGCTACGG,6.7669487
CGGTATACGGACACGATTTGACACCCTTGTAGTCACCATTTCGGCTACGC,6.7740126
CGGTACGGTGACACCCTCCAAACTCGTTGCTTACGCCAGTATTGGGCCGG,6.7859116
CATTACGGACCATTACGGCACGCGGTGTACGGTGTCACCATTACAACTGG,6.786837
CGCTGTTGGTGCTTTCTCACCATCCGGGTCACCATTACGGATACGGCTGG,6.78713
GCAAAATTACGTCGGGACACCATTTCGGCTGTGTACGGCCAGCGCGGCAT,6.787268
ATACGGCAGAATACGGATACGGCGCTTCGCCGGAATACGGCGCTTTGCAC,6.7893505
ACGCCACGCGGTGCTTACGGCGAAGATTACGGACACGATTACGTAGGTAT,6.792281
TTTGTCACCCTCAAGATTACAGCGCTACGCCAGAATTGGTGTACGGCCGG,6.79309
GCATACGTACGTACGAATAGGGATAGGAATACGGCGGGTTGGTGGGGTGT,6.804041
GTGTACGTAGGTACGCACAGCGCTACGGCGCTACTCCAGAATACGGCGGG,6.805109
AGGGCAGGTTACTTACGGCTGGCGGTCGGGGAATTGTCACCATCCAATAT,6.816661
GTTGTCACCCTTGCGTACGCACCATTACGCCAGAATTGTCACCCTTGCGT,6.8177032
GCTGACACCATCTGGTGTTGTCACCATTTCGGTCACCATTTCGTGTGCGC,6.819907
TCCAGACTACGCTTACTCTCGAGTGTACGGCGCTACGCCCAGCGGCTTAT,6.8265276
AGGGCGGTACTCACGATTGTAGTCACCATTCAGAATACGGCGTGGCGTAT,6.8392267
GCCGTTGCTCTGGTATACGGCGGGCTACGCACGAATACGGCGGGATACGG,6.8529773
TCACCATTACAGCGGTTCACGATTACGTACGGCGGGATACGGCCCCTTAT,6.858365
CGCTCGGGCCACCATTACTCACCATTACGGCGGGACACGATTACAGCTGG,6.8847713
ACTCCGGGCTGCTCAAGATTTCGTGCTGGGTCACCATTACAGCGGCTTAT,6.885682
CATTACGGCTAACGCGGTTCACCATTTCGGACCCTCACACTCCAGAGTAT,6.8897405
GCAACATTACGGCAGATTACGTACGGCTAGTGTCACCATCTCGCTTGCGG,6.8910284
GTTGTCACCATTACGGCTAGCCTCCATCTGTCACCATCGCGATTAGGTAT,6.90045
GTTGTCACCATCTCGATTACGTGGTTACGCCTGGCTGTTGTCACCATTAT,6.903453
CTCCGTATACGTATTGGAATACGGCCCCGCTGTCACCATCAAGATTACGG,6.905484
GTCTTGGGTAGCTTACGGCGCTCGGTCGGGATACTCACCATTACGGCTGG,6.909395
TTACAGCGCTACGCCCAGCGCTACGCTAAGCGCTTGGGCGGGTGAGCGGG,6.9110756
CATTACGTACGCCCGACTGTACGGCTAGGGATAGTCACCATTACAGCTGG,6.929698
GCAAGATTACGCCCGAATTGGAATACGCCCGGTGTCACCATTACGCCGCG,6.9505043
GTTGTCACCATTTGGTACGCTAAGCGGTGCACGATTACGGCGGGTTACAT,6.955661
CCTCCGGTGTTTACGCCAGGTGTCACCCACCATTACGTGTGTACGACTGG,6.9564266
TCAAGAATACGGCGCTACGGTGACACCATTTGTCACCATTTCGGCTACTG,6.956546
CGGAATACGGCTCGCGAGACCCTTTCAGACACTCTCACTCAAGCTTGCGG,6.957354
TCACCATTTGGGACCCTCCGGGATACTTACGCCGGGCTACGCCAGAGTAT,6.961363
CGGGCGGTTCTCACGCTTGTACGAGTTTACGTACAGCAGTATTCGTGTGC,6.9656644
CGCTCGTTGCTTACGTACGTACAGCACGCGGAGTTGGTGCGTTGGGACGG,6.9672213
CGCGTCACACTCCGGTACGCACGGCGGTACGGCAGGTTACTTACGGCGGG,6.9763846
ACCGCGGTGTTCGGACACTCTCAGAAACTCTCAGCGAGCGCTACGCCGGG,6.9805923
AGGGCTACGGCGAGATACTCACAACTCGTGTCACCCTTATACGGCAGTAT,7.0007296
AGTCACGATTTGTCACCATTACGAATAGGGATAGGGATAGGGATAGGTGC,7.001945
GCTGTCACCATTACAGCGCGCTGCTTACGGCGGAGTGTACGCCTGGGTAT,7.008872
CGGTATACGGATTGTCACCCTCCGGTGCTTACGGCGCTTGGTGTAGGTAT,7.0101986
CCTCCCGCTTATACGGCGCTACTCCAGACGTTACTCACCATTTCGGGTAT,7.015799
TCCAGGCTAGTCGCGTTTGCTTACGCCGCGCGGCTCACACTCCCGGGTAT,7.0404816
GCCGCGGGGTGGTAACTCCCTTGCTTACACACCATCTAGTTGGGACACCA,7.0428634
GTTGTCACCATTCGAGTCACCATTTAGTGGATACGCTCGCCCCCTCGCAT,7.0493503
CGGTATACGGCGGGTGAGACACTCCAGGTTACGCCAGGCTGTGTAGGCAT,7.052505
AGGGCGCGTTGTTTACGGCGCGTGTCACCATTTCGAATACGTACAGCGGG,7.0542088
TCCGGTGCAAAGTCCCTCCAGAATACGGCTAGCGCGCGGTGCTGAGAGGG,7.079184
TCAACATTACGCCCAGCGGAATACGGCTCGTGAGACACTCCAATAGGTAC,7.0792794
TCCGCTGTGTGTACGGCGCGGTGTGGTTGCTTACGGCTGGATACGCGTAC,7.0917845
CAGAATACGGCTGGTGTCACCATTTCGAATTGTCACCATTTCAGCCACCT,7.096117
ACGCCAATACGGCCAGCGCTGCTCCAGAATACGAATTGGAATTCGCGTAC,7.098532
GCCGGTGCTTACTTACGCCAAGCGAGATACGGCCCATCTGGTATAGGTAT,7.114826
ACTCTGACACCCTTCGCGGTGTGTACGGACCCTTTCATACAGCGGTGTAT,7.115268
ACTCCAAACGGTTCGGCGGTCGGTGGGTGCTTACGGCAGTTTTCGTGTAC,7.1176767
ACTCCAAGAAGGTGTCACCATTTCGAAGTCGCTTTCGGCGCTTCGCGGGG,7.1363497
GATTACGGAAACTCTCAGACCATTACGCTCGGACCCTTTCGGACCCTTAT,7.1468425
GCCGGTGGTTACGCCAAGCGGTGCAAACTTCCTTACGGCTAGCGCGCGGG,7.166585
ACTCCAAGCGGGATACTCCAAGCGCTTGGTGTAGGTACTCACCATTCCGG,7.174636
CCTCAAGATTACGGCAGGTTACGTGTACGCCCATAGAGCAGAATACGCGC,7.1777906
GCCGCTTCGAATAGGCGCTTTCGTGCGTACAGCGCTACAGCGGTGTGCAC,7.1961904
AGTCACCCTTGTACGGCTGTACGCTGAGACCCTTGTGTACGGCTACGCGC,7.205348
CGGTATACGCACCCTCCGCTGCGCAAAGATACGCTGACACCCTGTCACCA,7.232941
CAGTTCTGGTGCTCACTCTCAGACCCTTGCACTTACGCACAGCGTGACGG,7.235471
CATTACGGCAGGCTCGTCTCACCATTACGTCTTGAGACACTCTCAACGGG,7.2357373
ACTCTAAGCGCTGTGTAGTTACTCCAGAATTCGAATACGGCAGATTACGG,7.238626
GGCTGCTTACGTGCAAGATTTCGGCGGTGTTGGTGTGTACGCCTGAGTAT,7.2464676
CGGGTCACTCTGGTGCGCTGACACCCTCCAGTACTAGAATTCGGCTAGTC,7.2505097
CGGTACGCAGGAATTGGAATACGGCGCGTCACACTCCAGAATTCGGGTAT,7.2519464
GTACTTACTCACAGCGCTAGGAATACGAATACGGCCGGCGAGATACTCGC,7.254873
ATACTCACCATTTCAGCGGAAGTAGATTACGCCAAGCGGTGTTTACGCCC,7.2550545
CGTCACACTCTCAGCGCGCTGCGTACAGCAGAATACGGCCCCTCTCACCA,7.2611184
ACTCCGGGACACAATTACGCCCGAATACGACTTGGATTACGCCGCGAGGG,7.270818
CTACGCTGGTGTGTACGGAAGATTACGCCCAGACCCTCTAGTCGTCACCG,7.2756515
CGGTGTTCGGCAGCTTGGTGGTGGTTACTCACAGCGAGACGATTTCGTAT,7.2760916
CGGGCGCGCGGTTTTGGGCTGCTCTGGTGTTCGCTCTAGAATACGGCTCT,7.290035
GTCCGTTCAGAACCTTGTGCTCGCTCTGGTACTCTCAGACCCTTACGCGC,7.291279
CTCGGTGTACGCTGGAATACGCCGCTGCTTACAGCGCTACAGCGGTGTTC,7.295337
GTAAAGATACTCCAGTATTCGGATACTTGCGTACGTACGGCAGCTTACAG,7.2971
CGGGCGCTGCGTCGCTGGTTACTCTCAGCGCTACTCTAGAATTCGCCGCG,7.303174
ACTCCGGGTTGCGTGCGTTGGTGCTGGTACTAGTCTGTTCGGCGCTAGGG,7.306558
CGTTACTTACAGCGAGCGAGCGAGAAGATTTCGGCGCGGAATACTCCGGG,7.3095794
AAGATTTCGGATACTCTGCTAGTCACCATTTAGAATACGCCGGTGTGCAC,7.3179016
CGGTGTTGGTACAAGCTTACGCTCAGAGACACCATTACAGAAGCTTTCGG,7.318263
GGGTACGTTGGAATTGGTGTATACTCACCATTTGGTGCTTGCGTGCGCGT,7.3198447
GGTAACTCTAGGATACGAATACGGAAGATTACGTACGCCCAGAAGCTCCA,7.320367
CGGTCGTAGCTTTCAGACCCTCCGAGTCACCATTTAAACGTTACGGCGGG,7.322645
AGTTACGTACAGCGCTCTGTGTACGGCAGAATTGGTGCTTGTTCGCTCAC,7.3248267
AAACTCCAGTTCTCACTCAAGATTTCGTCGGGTCACCATTACGTACGAGC,7.3292613
TTAAGGTGTCACCATTTCGGAAACTCACTTACAGCTCGCGGAATACGCCC,7.3365955
AGGGACACTTCCGTGCAAGATTTCGTGCTCACCATTTCGGTTGCAGACAT,7.344137
TTACGCCGGAGTATACGGCGGTTCCAACGCTGACACCCTTGTACGGCGGG,7.345922
GCCAGTTTACGGCGGTCTGTGCGTGTACGCTGAGACCCTTTCGCACACGG,7.354987
GCCGCTGTGCTGGAATACGGACCCTCCAGACTAGTTGCTCTGGTGTGGGG,7.359961
TCCCCCTCAAGATTTCACACCCTCTAGAATTCAGCGCTACGGCAAGCGGG,7.3829145
TCAAGAATTCGTCCGGTGTCACCATTGCTTTCAGCGCTGCTCTCGAGGAT,7.3830795
CAGCTCTAACTCTGACACCCTCTAGTTCAAGATTACATACAGCGCGCGGG,7.3855724
CGTCACCATTTAGGATACGCCGAGACCCTTGGTTGAATACGGACCCTTCA,7.385616
GAATACTCCAGATTACGCCAGTGTGTACGGCGCTGCTCTAGACGGTACAA,7.3901024
GTTTTGGTGTGTTCGCTTACAGCGCTCGGCTCTAGCTCCAGAATACGCGC,7.3908186
AGTGCAGAATACGAATACGAATTGGAGTACGCAAGCTCTAGTGTTGGCAT,7.391622
ACTCAAATACAGAAGATTTCAGCGGGTGCTGTTCTGGTCGGTGCACACAT,7.408208
GTTGTCACCCTTCGGTGTACGGAAGCTTGTACAGAAGATTTCGTACGGGC,7.4178867
AACCTCTCAGAAGCTTTCGTGTAGGTACGCCAAGATACTCCAAGCGCAAC,7.4327784
GTCGGGCTACTCAAAGACCCTTACGTACGTACGAATTGGAATTCGAGTAC,7.433988
CGGGCTGGTTAGAAACTTACGCTCGAATTGGAATACGCCGGTGTACGGAC,7.436547
GTACAGACAATTACGCTAAGACCCTCTCGGAGTCACCATTTCGGACACTA,7.439904
ATACTCACCATTTAGTGTTGGGACACTCTAACTTGTACTCACCCTTTCGG,7.443415
CGTCAAGATTTCAGACCATTACGCCGGTCGTTGCTTGCTCAAGCTTACAG,7.445912
GCTAAGATACTCACCATTACGAATTGGAGTTGTCACCATTTCGGTCACCG,7.4501076
ACTCCACTCGGTATACTCCAGACTACTTACAGATACGCCAGACGTCACCG,7.4513216
AGTCACCATTTCAGACACTCCATTTCGTACGGATACGGATACTCCACAAC,7.459838
GCCGGTGGTTACTCCAGTTGGGTGGTGTTGTAGTGTACTCACCCTTTCGG,7.462114
GCAAAGACCCTTACAGCGCTGCTCAAGATTTCGTTGTGACCATTACGTAT,7.4733753
CGCGCGGTTTTGGTGGTTGCGCTGAGACACTCTCAGAAGCTTTCAACGCG,7.4830527
CATTACGTACAGCTAGCAACTCCAGTTGAGAAGATTACGTACGGACACCA,7.484247
AGCGCGGTAGTCGCTCTAGATTTAGAATTCGAGTGTACGGCGGGACACTA,7.4898443
CGGTCTGTTCGAATTGGTGTGCAAGATTACAGACACTCCGGTGCTCACTT,7.4908657
CGGTGGTTACGCATACGCCAAGCAGTTTGGCGGAGGTTACTCCAAACGCG,7.492524
AAACTCTCAGACCATTACTGGAATTCGAGTTCGTGTGTACGGCTACGCGC,7.4943547
TCAGGTCGTGTGTCACCATTTCGGACCCTCCGGTACTCACTCTACACGGG,7.502327
CTCGGGTTACTCCAGAATTCGACTCGGTGTTGGAATACGGCACCTTGTAA,7.506222
CGGTAGTCGCTCCGGTGTGTACGAATTGAGACACTTACAGCAGCTTACAG,7.506933
CAGTTCTAGCTCTGGTGTGTACGAATACGGCGTCACCATTTCAGCGAGAT,7.514612
TCAAGAATACGGCTAGAAACTCTAGCTTTCACTCACACTCACCCTTCCGG,7.51585
AAACTCTAGAATACGGCACCTTGTGTACGTTCGACTTCGAATACGGCGCG,7.519061
TTACGTACAGAAGATTTCGCTCCGCTGCTTGTGCTTGCGTGTTGGTGTAC,7.519242
CGCTGGTTACTCTCAACGTGGCGTATACGAATACTCCGGTGGTTACTCCA,7.5244217
TCAAGATTACAGCAGTGTGTACGGAAACTCTCAGAAGCTTTCAAGCTTTT,7.525193
TTACAGCGCTGTTTACGGCACTTGTGACGATTTCGAATTGGTACGCAGAG,7.537756
CGCAGTTTACGCACACTCCAAGCGAGTCACTCCACGCGGTTTTCAGCGGG,7.5427485
GTATTCGTCGCTGCGGAAACTTTCGACGCGGTGGTTACTCCGGTGTAGAG,7.549074
GCAAGATTACAGCGCTCGAGCGGTATTGGTGTACGGAAACTCTCAACGCG,7.5521326
GTCGCGTTGCTCACAGATACGAATACGGCAGTTCCGCTGCGCTGGAGGAT,7.554902
ATACGTAGGTACTCTCAGAAGCTCTAGTATTCTCACCCTTTAACTTGTAC,7.5848513
AACCTCTCGACTGCGCCGGTGTACGTACGGCTAGTGTGACCATTACGAGC,7.593585
TTTAGTCGGGAAGCTTTTACGTGTGTACACACCATTTCGAATTGGCTTAC,7.594941
GAATACAGCAAGTAGCTCTAGAGTACGCTAGCTTAGTAGCTTTCAGCGCG,7.5971746
GCCGAGACACTCAAGCTCTGGTGGTAGCTCTAAGAAGCTTACGCCGAGAT,7.6118107
ATACACACCCTTTCAGCAGTATACAGCAAGAGTGAAGATTACGCAGAGTA,7.617066
TCAACATTTGGTGCTTACAGCAGTTTTCGTGTACTCACCATTTCAGCGGG,7.620201
TTACAGCGGTGTTTACTCTAGAATTCGAATTCGAATTGGTGCTCGCTTAT,7.624506
AGAGCGCTTCAAAATTACGTACAGCGGAATACGCCGCTGTGTTGGAGGAT,7.6272316
AATTACAGCAGAATACGGAACCTTGCTTACGACTCGGTAGTAGCTTACAG,7.643216
CTCGCTGCGTTCAAGCTTTCAGCGGAATACGGACCCTTGTTTGCGTGTAA,7.643591
CGGTGCTTACGAATACGGACCATTTCGTATACGAATTCGCTTGCTCACAT,7.6444793
CCCCCGGTTTACGCACAGCAAGATACTCTCAGCGCAGCTTACAGCGAGTT,7.6472588
GTTTTCGTAGAGAAACTCTAACTCAAGATTTCGGCTGGTAACTTACGGCC,7.648615
TCAACATTACAGCAGAATTCAGACCATTTCGGCTACTTACGTTCAGCGGG,7.65345
CTCGTTGCTCAAAATTTCAGACGATTTCGGCGAGACGCTCTAGAATACGG,7.6583242
TTACTCTCAGACACTCCAAGAAGCTCTAGTGTTGGTGCTTGCGTAGGGAC,7.66219
CGTGACCCTCCGGTTTTCGTGTATACTCACACTCTAAGCGGTGTTTACGG,7.6642294
AGGGCTCCTTGTGTGTACTCACCATTTCGAATACGTACAGAAGCTTTCGG,7.6661434
CGGTGGTCACTCCGGTGTATACGGCGCCTCTTACTTAGTTACTCCGAGTT,7.66821
TCAAGTTTTCGTACAGCAGGTTACGTACTGGTGTTGACGAATACGCCGCG,7.6698556
AGTCAAGATTTCGAATTCGAGTACTTACAGCAGCTCAAGATTTCAGCGCG,7.675454
CGGTCTTGGTGTATACGTGTGGTCGATTTCGTGTACGCCGGTATACACAT,7.688325
GAATACGAATAGGAATACGGATACGGAAGTTTTCGTGTGTTCGAATAGGG,7.695814
GGTTACTCTAGTATTCAGCGGTTCAAGATTACAGCAGCGTATACGCCGCG,7.6966553
CTACTCAAGATTTCAGACCCTCCGATACTTACATACAGCGGTGGTCACCA,7.7048845
CTCGGGTAGTTTACGTACGTACACCGGTGTGTGTACAGACCCTCCAAGAT,7.7065187
CAGTTCTAGCTTGTTCAGACCCTTGCAAGATTACACCGGAATACGCCGAG,7.715496
TCAAGTCTTGGTGTATACGTAGGTACAGCAAGCGGTGTACGGAAACTCCA,7.718807
GATTACACCAAGCGGTTTACTCAAGTTTTGGTGTTGGTACACCAAGCGCG,7.7195244
ACTTACAGCAGAATTCGTGTTTACGGCGGAATTCGGAAGATTTCAGCGCG,7.7239637
GTAGAGACCGTTTCACCCTTGCGTGCTTGGTGTCACCATTACTTACGAGC,7.7291126
ACTCCAGTCGCTGCTAGATTTCGAATTCGGAAACTCTGGTTCGGAGAGTA,7.736535
ACTCTCAGAAGTTCAAAATTACTCCAAAAGCTGCTCAAGCTTACGTGGAA,7.7398505
AAGATTACAGCACTACAGTGGAGTTTACGCCGAGAAACTCCGCTACGGAC,7.753231
TTACAGCGGTGTGTACTTACTCCGGTGCTAGCTTAGGTACTGTAGCTCCA,7.759102
TCTAATCGGGATACTTACGAATTGGAGTACGTACGTACGCTGGACTAGTG,7.767299
ACTCAAGATTTAGATTTCAGCGAGACACTCCAGTCTTGGTATTCGTGTAC,7.771779
CGGTATTCGAGGTTGCGTATACGGACACTCCAAGCAAGTTGCTCCGAGAC,7.7760706
CGCTGATTACAGCAGCGTATACGAATTCGGATACTTTCGGATACGCGTAT,7.7811213
TTAAAAATACGGCTACTCTAGAATACGGAAGCTTGCTTACAGCGGGAGTT,7.7847357
CGCTGTTGGAATACTCCGGTGTATACGCCGCTACAGAAGCTTTAACTCAC,7.789036
CGGTCGTGGTGTTTACGAATACGAATTGGAATTGGTGTTTACGCCGAGTT,7.789377
GGTTACTCAAGATTTCGTATTCGAATTCGGCGTGACGCTTGTTCGAGTAC,7.7960014
TCAAAGATACTCAAGATTTCAGCGAGCAAGTGAGAACCTTGCACGCTGTA,7.7969804
CGCTGTTCAAGTTTTGGTACGCACAGCGGTAGTGGAATACACCGGGAGTT,7.8049197
TTACGGCGCTTCTCAAAGTCACTCAACCTTTCAGAAGAATTCGGACACCA,7.805419
AAGAATACAGCAGTTTACGGCAAGATACTCTCACACCATTTCGTCTGGAC,7.807454
GTTTACAGAAAATTACTCCAAACGGTACAGAAGATTTCAGCGGAATAGGG,7.807947
CGGAATACAGAAGCTTACAGCGGAATTCGAATTCGGTTGTTCTCGACGTG,7.8098574
GTTCTAGTACAGAAGATTTCAACTTGGAATACGACTTCGTTTTCGAGTAC,7.820019
GTTTTCGTGTGGTAGCTCACGCTCTAGAAGTTACTTGGGTACGCACGACC,7.826004
AGTGAACCTTGCTTACTCAAGATTACAGAAGCTCCAGCGTGTGCTTGGAA,7.8323793
CGGAATACAGCAGAATACAGCGGTGTATTCGAATACGGAAGCTTCGAGAC,7.8341017
ACTCTAAGCGGTGTACAGAAACTCTGAGACCCTTTCAGCGAGAAACTCCA,7.8350096
ACTCCAAGCGAGAAGCTTGTGTTGGAATTCGGCGCTGTGTACGTACGGCC,7.837093
AGTGACCCTTTCAACGCGGTGTACGTACAGAAGATTTCGAAGTAGCTTCA,7.838417
TCTAGTTTTCGTTTTGGTGCTCACAGCGAGAAACTTACAGAAGCTTTCGG,7.838671
AAGATTACAGCAGGTTACTTACAGCGCTGTATACGGCGAGAAGCTTAGAG,7.8393335
TTACAGCGGGTGGTTTTAGAACTAGTATTCGTGTTGGTGTGTACAGCGGG,7.843989
ACTCTAGCTTACTTACACTAGAATTCAGACACTCCGCTGCTTTGGAAGTG,7.8454103
GGTAACTCTAGAATTCAGATACGCCGTTGCTTTCAAGCTTACGTGCGGAC,7.8492336
AAGCTCTAGAATTCGCTCTAGAATTGGTGTTTGGAAAGTAGATTACGGCC,7.853241
CTGGTTACTCAAGCTTATACGGATACGCCAACTTACACCGGTGTTGGAAC,7.8535438
CTTGAGAAGATTTCAGCGAGAAGCTTACTCACCATTTCAGACCCTTCAAG,7.8539124
TCCGGTGTTCGGACCCTTTGGTGTTTACGTACAGTGGTACAGAAGCTTCC,7.8547554
ACTCAAGCTCTAGTTTTCAGCGCGAGAGAAGATTTCAGACCCTTTCAAAC,7.8592253
CGGTTTACGACTACGTCGGTAGTCACTTTCGTACAGTAGCTTGTAGGGAC,7.8864985
TCAAGATTTAGAATTCAGACACTCCAAAATACTCTCAGACACTCCAAGAT,7.895775
GTTTACGTACACACACTAATACGCAGAAGCTTTCGAATTGGAATACTCCC,7.8975153
ACAGCGGTTTTCAGAAGCTTTCACTCAAACTCCAGTTTGCTTTCGTGGAA,7.909171
CCTCAAGATTTCGACTCGTTGTAGTCGCTCAAACTCTAAGCTACTCAGAG,7.909661
CGGTCTGGTAGCGTGTTCTTGGCAGTTTACTCACCCTCTAACTCACACCA,7.9119806
GGTTACTCTAGTTCTGGTGTATACGGCAGTTTACAGCGCGCGGTTCAGAG,7.913927
CGTTACTTACAGCAGAATACTTACATACAGCGGTGTTTACGTGCTGAGAA,7.915392
CGGTATTCGAAGAAGATTTCAGACCATTTCGAAGTAGCTCTAGTTTAGGG,7.9329996
GTTGAAGATTTCAGAAGATTTCGTGCTTGCTTTGGTGGTAGCTCAGAGTA,7.9400597
TTACAGCGCTTCAAACTTTCAGCAGGTGCTACTCAAGATTTCGTGCTGAC,7.940362
GTTTTGGTAGTTACTCTAGAATACGCAAAGAAACTCCAAGCGGGTCACTA,7.941985
CGCTGGTTACTCAAGATTTCAGCGAGAGAGACACTCCGGTTTGCTCACTA,7.967762
GTCGGGAAGATTTCGGCGAGACCATTTCAGATACTCCAGAATTCGAGGAC,7.974547
CGCTCGGTGTACAGAACCTTGTACAGAAGATTTCGTGTGTGTGCAGAGTA,7.9804845
AAACTCTCAAAGTCGCTTTAGAATTCGTGTTAAGTTACTCCAAAACACCG,7.998825
CAGCTCAAGCTTTCACTCAAACGTATAGAGAAAGTTACTCCAGTCTTGAA,8.003691
TCTGCTGCTCAAGATTACTTACACCAGTTTACAGCAGTTTTCGCGTAGTA,8.003981
GTAGTTACTCTAAAATCCTTTTACAGACGCTCTAACTCTCGAATTCGGCC,8.010029
CGCTGTTGTTGTTTACAGCACTTCAGAACCTTGCTGGTGTGTTGGTTGAA,8.029349
CTCGTTGCTCAAACTCTCAGCGAGACACTCAAGCTCTAGCTTTCGAGTCC,8.033455
TTAGAGAAGCTCTCACTCAAGATTTCAGATACTCAAGCTTGCGCTGAGTA,8.034525
AAGATTTCGAATTGGAGTTGGTGCTCACACTTTCAGAAGATTTCGACGCG,8.035912
AAGCTCTAGAATTCGTTCGAATACTCCGAGACACTTACACCGAGAGACTA,8.036959
GTAGTTGCATACAGCGGGTTGTACTCGAATACTTGCATACAGAAGCTTCA,8.039215
CACTACTCACCATTTCGAGTGTTCATACAGCGAGAGAGACCCTCACACCA,8.041203
GTCTGTTGGAATTCGTACTAGTATTCGAATTGGTGTGTTGGTGCACACCA,8.044019
CAGTATTGGTATTCGACTCTGCGTGCAAAGTAACTTACACTCGGATAGTA,8.049037
TTAAAGAAACTCTCGAGTCTTAGAATACAGAAGTTTACAGCGGGACACTA,8.053561
AGTGCAGTTTTTACTCTAGAGTGTTCAGAAGATTTCGTGTACGCACGAAC,8.064805
TTTAAGAGAGAAGATTTCGTACTCTAGTTCAAGCTTGTACAGACACTCCA,8.067093
TTTCGTATTCGAATACTCCAGAATTAGATTACACCGAGAGAGCGGGAGTT,8.071535
TCCAGTTTACAGAAGATTTCAGCGCTGTGTTGGTGTGTACAGAAACTCCA,8.078113
ACTGCAGTGTTCGGAAGATTACAGCGGTTCTAACTTGTACAGACACTCCA,8.095818
CAGGTTACTCTAAGATACTCCAAAATACGAATACTCTCAGAAACTTCGAG,8.103536
CAGTTTTCGTGTACGTACGTTCGAATTGAGAAACTTACAGCAGTTTTGAA,8.110962
CGTTACTTACAGCGGTAGAAGATTACTTGCTTACGTACAGAAACTTAGAG,8.131149
CGCTGTTTTCGAATACTTGTGTTGGTGTTGTAGAATACAGACCCTTCGAG,8.133383
AGCTAGAGAAACTCTAGAATTCGAAGAAGATTACACCTAGCGGTTTACTA,8.150289
TTACTCCAGATTCCGTGGAAGCTTTGGTGGTTACTTGGTTACTCAGAGAT,8.151571
TCTAGTGTTTTAGTATTCGAATACTCCGGTATTCAGAAACTCTCAGAGTG,8.155354
TCTAGTATTGGTGTTTTAGGCGGTTTACACACCCTTTAAGTTACTCCGAG,8.162068
CGGTATACGCCGAGAGAGAAGCTTTCGTGTTTACGTGTTGGACTACTAAA,8.223822
TCAAGATTACAGAAGATTTCAGCAGGTTCCTTGTTTTGGTATTCGAAGTT,8.271682
CAGTATTCGAATTCGAAGAAGCTTTCGTTTTGAGACACTCCAGAATAGTC,8.304224
GATTACAGAAGATTTCAGAAACTTACATACAGCGCTGCTCTAGCTTTGAG,8.315822
TCTAGTATTCGAATTCAGACACTTGCTTGTGTTTACTCTAGAATACAGTT,8.34178
